Auto Shots Made Amp,Auto Shots Made Speaker,Auto Starting Position,Broke Down,Buddy Climb,Climbed,Comments,Event ID,Initials,Initials Fixed,Match Number,Pickup From Center Line,Shots Made Trap,Table Name,Taxi Off Starting Zone,Teleop Shots Made Amp,Teleop Shots Made Speaker,Total Telop Notes,Auto Amp Points,Auto Speaker Points,Lobbing,Match Team Number,Teleop Speaker Points,Total Auto Points,Total Points,Total Teleop Points
0,0,,0,0,0,They did good amp but failed to make consistent speaker shots. The bot moved well.,2024mrcmp,RA,RA,1,0,0,Crescendo_FIRST_Mid-Atlantic_District_Championship_2024_raw_export.csv,0,4,0,4,0,0,,1257,0,0,4,4
0,4,,0,0,0,,2024mrcmp,TB,TB,1,0,0,Crescendo_FIRST_Mid-Atlantic_District_Championship_2024_raw_export.csv,1,1,5,6,0,20,,1640,10,22,33,11
0,0,,0,0,1,,2024mrcmp,ME,ME,1,1,0,Crescendo_FIRST_Mid-Atlantic_District_Championship_2024_raw_export.csv,1,4,0,4,0,0,,2607,0,2,9,7
0,1,,0,0,1,,2024mrcmp,VC,VC,1,0,0,Crescendo_FIRST_Mid-Atlantic_District_Championship_2024_raw_export.csv,1,0,5,5,0,5,,3142,10,7,20,13
0,1,,0,0,0,,2024mrcmp,SJ,SJ,1,0,0,Crescendo_FIRST_Mid-Atlantic_District_Championship_2024_raw_export.csv,1,0,2,2,0,5,,321,4,7,11,4
0,1,,0,0,1,Good amp,2024mrcmp,TB,TB,1,0,0,Crescendo_FIRST_Mid-Atlantic_District_Championship_2024_raw_export.csv,1,5,3,8,0,5,0,365,6,7,21,14
0,1,,0,0,0,,2024mrcmp,SF,SF,1,0,0,Crescendo_FIRST_Mid-Atlantic_District_Championship_2024_raw_export.csv,0,0,2,2,0,5,,4573,4,5,9,4
0,3,,0,0,0,,2024mrcmp,LB,LB,2,0,0,Crescendo_FIRST_Mid-Atlantic_District_Championship_2024_raw_export.csv,1,5,2,7,0,15,,3314,4,17,26,9
0,1,,0,0,1,,2024mrcmp,TB,TB,2,0,0,Crescendo_FIRST_Mid-Atlantic_District_Championship_2024_raw_export.csv,1,0,6,6,0,5,,7045,12,7,22,15
0,1,,0,0,1,Failed to trap,2024mrcmp,VC,VC,2,0,0,Crescendo_FIRST_Mid-Atlantic_District_Championship_2024_raw_export.csv,0,2,2,4,0,5,,8513,4,5,14,9
0,1,,0,0,0,,2024mrcmp,ME,ME,2,1,0,Crescendo_FIRST_Mid-Atlantic_District_Championship_2024_raw_export.csv,1,3,3,6,0,5,,341,6,7,16,9
0,0,,0,0,1,,2024mrcmp,SF,SF,2,0,0,Crescendo_FIRST_Mid-Atlantic_District_Championship_2024_raw_export.csv,0,2,0,2,0,0,,2191,0,0,5,5
0,1,,0,0,0,,2024mrcmp,TB,TB,3,0,0,Crescendo_FIRST_Mid-Atlantic_District_Championship_2024_raw_export.csv,1,4,1,5,0,5,,1089,2,7,13,6
0,4,,0,0,1,almost got a centerline in the auto. They can shoot almost instantly after stopping.,2024mrcmp,RA,RA,3,0,1,Crescendo_FIRST_Mid-Atlantic_District_Championship_2024_raw_export.csv,1,0,2,2,0,20,,2539,4,22,34,12
0,1,,0,0,1,,2024mrcmp,SF,SF,3,0,0,Crescendo_FIRST_Mid-Atlantic_District_Championship_2024_raw_export.csv,1,0,5,5,0,5,,834,10,7,20,13
0,1,,0,0,0,,2024mrcmp,LB,LB,3,0,0,Crescendo_FIRST_Mid-Atlantic_District_Championship_2024_raw_export.csv,0,0,2,2,0,5,,2720,4,5,9,4
0,1,,0,0,1,,2024mrcmp,ME,ME,3,1,0,Crescendo_FIRST_Mid-Atlantic_District_Championship_2024_raw_export.csv,1,3,3,6,0,5,,1676,6,7,19,12
0,2,,0,1,1,,2024mrcmp,LB,LB,3,0,0,Crescendo_FIRST_Mid-Atlantic_District_Championship_2024_raw_export.csv,1,0,2,2,0,10,,1807,4,12,19,7
0,1,,0,1,1,,2024mrcmp,VC,VC,3,1,0,Crescendo_FIRST_Mid-Atlantic_District_Championship_2024_raw_export.csv,1,0,5,5,0,5,,5181,10,7,20,13
0,1,,0,1,1,,2024mrcmp,TB,TB,4,0,0,Crescendo_FIRST_Mid-Atlantic_District_Championship_2024_raw_export.csv,1,0,6,6,0,5,,2495,12,7,22,15
0,0,,0,0,0,,2024mrcmp,ME,ME,4,1,0,Crescendo_FIRST_Mid-Atlantic_District_Championship_2024_raw_export.csv,1,0,6,6,0,0,,5401,12,2,14,12
0,2,,0,0,1,,2024mrcmp,VC,VC,4,0,0,Crescendo_FIRST_Mid-Atlantic_District_Championship_2024_raw_export.csv,1,1,5,6,0,10,,1218,10,12,26,14
0,1,,0,0,1,There auto was interupted by allies.,2024mrcmp,RA,RA,4,1,0,Crescendo_FIRST_Mid-Atlantic_District_Championship_2024_raw_export.csv,1,9,8,17,0,5,,1923,16,7,35,28
0,1,,0,0,1,,2024mrcmp,SF,SF,4,0,0,Crescendo_FIRST_Mid-Atlantic_District_Championship_2024_raw_export.csv,0,0,3,3,0,5,,9027,6,5,14,9
0,1,,0,0,1,,2024mrcmp,CH,CH,5,0,0,Crescendo_FIRST_Mid-Atlantic_District_Championship_2024_raw_export.csv,1,0,5,5,0,5,,7110,10,7,20,13
0,0,,0,0,0,Not sure about auto match 5 red 2,2024mrcmp,MI,MI,5,0,0,Crescendo_FIRST_Mid-Atlantic_District_Championship_2024_raw_export.csv,1,1,1,2,0,0,,293,2,2,5,3
0,2,,0,0,0,,2024mrcmp,SG,SG,5,0,0,Crescendo_FIRST_Mid-Atlantic_District_Championship_2024_raw_export.csv,1,0,11,11,0,10,,1279,22,12,34,22
0,1,,0,0,1,Amazing kept shooting notes for teammates to shoot in the speaker/amp,2024mrcmp,WL,WL,5,1,0,Crescendo_FIRST_Mid-Atlantic_District_Championship_2024_raw_export.csv,1,0,3,3,0,5,,103,6,7,16,9
0,0,,0,0,0,Didn't make it to the match,2024mrcmp,LB,LB,5,0,0,Crescendo_FIRST_Mid-Atlantic_District_Championship_2024_raw_export.csv,0,0,0,0,0,0,,5438,0,0,0,0
0,3,,0,0,0,Picked up a fourth auto note but did not fire despite being in position to. Missed a lot of shots on the speaker and one in the auto.,2024mrcmp,RA,RA,5,0,0,Crescendo_FIRST_Mid-Atlantic_District_Championship_2024_raw_export.csv,0,1,4,5,0,15,,555,8,15,24,9
1,0,,0,0,1,Tried to pick up from center line but failed. Tried to trap but failed. They are a very good amp bot.,2024mrcmp,,,6,0,0,Crescendo_FIRST_Mid-Atlantic_District_Championship_2024_raw_export.csv,1,5,0,5,2,0,,11,0,4,12,8
0,0,,0,0,1,Picked up and fed notes to teammates,2024mrcmp,SG,SG,6,1,0,Crescendo_FIRST_Mid-Atlantic_District_Championship_2024_raw_export.csv,1,0,4,4,0,0,,1391,8,2,13,11
0,2,,0,1,1,,2024mrcmp,WL,WL,6,0,0,Crescendo_FIRST_Mid-Atlantic_District_Championship_2024_raw_export.csv,1,5,2,7,0,10,,1403,4,12,24,12
0,0,,0,0,1,Brought notes to people,2024mrcmp,CH,CH,6,0,0,Crescendo_FIRST_Mid-Atlantic_District_Championship_2024_raw_export.csv,0,0,0,0,0,0,,6226,0,0,3,3
0,0,,0,1,1,,2024mrcmp,MI,MI,6,0,0,Crescendo_FIRST_Mid-Atlantic_District_Championship_2024_raw_export.csv,0,0,4,4,0,0,,4361,8,0,11,11
0,2,,0,0,1,,2024mrcmp,LB,LB,6,0,0,Crescendo_FIRST_Mid-Atlantic_District_Championship_2024_raw_export.csv,0,0,8,8,0,10,,9094,16,10,29,19
0,3,,0,0,0,,2024mrcmp,SG,SG,7,0,0,Crescendo_FIRST_Mid-Atlantic_District_Championship_2024_raw_export.csv,1,3,4,7,0,15,,427,8,17,28,11
0,2,,0,0,0,,2024mrcmp,MI,MI,7,1,0,Crescendo_FIRST_Mid-Atlantic_District_Championship_2024_raw_export.csv,1,0,4,4,0,10,,3637,8,12,20,8
0,1,,0,0,0,Tank drive! Good touch it own it intake.,2024mrcmp,RA,RA,7,0,0,Crescendo_FIRST_Mid-Atlantic_District_Championship_2024_raw_export.csv,1,0,5,5,0,5,,1811,10,7,17,10
0,1,,0,0,0,,2024mrcmp,,,7,1,0,Crescendo_FIRST_Mid-Atlantic_District_Championship_2024_raw_export.csv,1,3,5,8,0,5,,316,10,7,20,13
0,3,,0,0,0,,2024mrcmp,CH,CH,7,1,0,Crescendo_FIRST_Mid-Atlantic_District_Championship_2024_raw_export.csv,1,0,7,7,0,15,,219,14,17,31,14
0,1,,0,0,0,,2024mrcmp,LB,LB,7,0,0,Crescendo_FIRST_Mid-Atlantic_District_Championship_2024_raw_export.csv,1,4,0,4,0,5,,9015,0,7,11,4
0,1,,0,0,1,,2024mrcmp,CH,CH,8,1,0,Crescendo_FIRST_Mid-Atlantic_District_Championship_2024_raw_export.csv,1,0,8,8,0,5,,56,16,7,26,19
0,0,,0,0,0,Missed every auto shot. Comically talk which makes them very unstable.,2024mrcmp,RA,RA,8,0,0,Crescendo_FIRST_Mid-Atlantic_District_Championship_2024_raw_export.csv,1,6,0,6,0,0,,5992,0,2,8,6
0,0,,0,1,1,Fed notes to alliance,2024mrcmp,SG,SG,8,0,0,Crescendo_FIRST_Mid-Atlantic_District_Championship_2024_raw_export.csv,1,0,2,2,0,0,,75,4,2,9,7
0,2,,0,0,1,,2024mrcmp,LB,LB,8,0,0,Crescendo_FIRST_Mid-Atlantic_District_Championship_2024_raw_export.csv,1,0,4,4,0,10,,714,8,12,23,11
0,0,,0,0,0,,2024mrcmp,WL,WL,8,0,0,Crescendo_FIRST_Mid-Atlantic_District_Championship_2024_raw_export.csv,1,0,5,5,0,0,,4285,10,2,12,10
0,1,,0,1,1,,2024mrcmp,MI,MI,8,0,0,Crescendo_FIRST_Mid-Atlantic_District_Championship_2024_raw_export.csv,0,4,3,7,0,5,,4342,6,5,18,13
0,1,,0,0,0,,2024mrcmp,AV,AV,9,1,0,Crescendo_FIRST_Mid-Atlantic_District_Championship_2024_raw_export.csv,1,1,3,4,0,5,0,5684,6,7,14,7
0,0,,0,0,0,,2024mrcmp,CJ,CJ,9,0,0,Crescendo_FIRST_Mid-Atlantic_District_Championship_2024_raw_export.csv,0,4,0,4,0,0,0,102,0,0,4,4
0,4,,0,0,1,,2024mrcmp,AO,AO,9,1,0,Crescendo_FIRST_Mid-Atlantic_District_Championship_2024_raw_export.csv,1,0,4,4,0,20,1,2590,8,22,33,11
0,3,,0,0,0,They have a good scoring bot but they move around the field very slowly.,2024mrcmp,RA,RA,9,0,0,Crescendo_FIRST_Mid-Atlantic_District_Championship_2024_raw_export.csv,1,4,5,9,0,15,0,1168,10,17,31,14
0,3,,0,0,0,,2024mrcmp,SJ,SJ,9,0,0,Crescendo_FIRST_Mid-Atlantic_District_Championship_2024_raw_export.csv,1,0,8,8,0,15,0,7414,16,17,33,16
0,1,,0,1,1,,2024mrcmp,DD ,DD,9,0,0,Crescendo_FIRST_Mid-Atlantic_District_Championship_2024_raw_export.csv,0,3,4,7,0,5,0,365,8,5,19,14
0,0,,0,0,1,,2024mrcmp,AO,AO,10,1,1,Crescendo_FIRST_Mid-Atlantic_District_Championship_2024_raw_export.csv,1,0,3,3,0,0,0,222,6,2,16,14
0,2,,0,0,1,Did very well at the end but took a while to get going. Did not miss any shots was very accurate slow moving across the field.,2024mrcmp,RA,RA,10,1,0,Crescendo_FIRST_Mid-Atlantic_District_Championship_2024_raw_export.csv,1,3,1,4,0,10,0,223,2,12,20,8
0,2,,0,0,1,,2024mrcmp,CJ,CJ,10,0,0,Crescendo_FIRST_Mid-Atlantic_District_Championship_2024_raw_export.csv,1,1,4,5,0,10,0,6921,8,12,24,12
0,2,,0,0,1,,2024mrcmp,DD,DD,10,0,0,Crescendo_FIRST_Mid-Atlantic_District_Championship_2024_raw_export.csv,0,5,5,10,0,10,0,5895,10,10,28,18
0,1,,0,0,0,Tried harmony bonus but failed to climb enough height,2024mrcmp,SJ,SJ,10,1,0,Crescendo_FIRST_Mid-Atlantic_District_Championship_2024_raw_export.csv,1,2,3,5,0,5,0,2722,6,7,15,8
0,1,,0,0,1,Tried to buddy climb and they got up but team 2722 didn't get off the ground.,2024mrcmp,AV,AV,10,0,0,Crescendo_FIRST_Mid-Atlantic_District_Championship_2024_raw_export.csv,0,0,2,2,0,5,0,484,4,5,12,7
0,0,,0,0,1,,2024mrcmp,AO,AO,11,0,0,Crescendo_FIRST_Mid-Atlantic_District_Championship_2024_raw_export.csv,1,0,5,5,0,0,0,7045,10,2,15,13
0,1,,0,1,1,,2024mrcmp,SJ,SJ,11,0,0,Crescendo_FIRST_Mid-Atlantic_District_Championship_2024_raw_export.csv,1,0,4,4,0,5,0,834,8,7,18,11
0,1,,0,0,1,Only human player intake,2024mrcmp,DD,DD,11,0,0,Crescendo_FIRST_Mid-Atlantic_District_Championship_2024_raw_export.csv,0,0,1,1,0,5,1,3142,2,5,10,5
0,5,,0,0,1,,2024mrcmp,AV,AV,11,1,0,Crescendo_FIRST_Mid-Atlantic_District_Championship_2024_raw_export.csv,1,5,4,9,0,25,0,1807,8,27,43,16
0,0,,0,1,1,shuttled some of the match,2024mrcmp,cj ,CJ,11,0,0,Crescendo_FIRST_Mid-Atlantic_District_Championship_2024_raw_export.csv,0,0,2,2,0,0,0,4573,4,0,7,7
0,1,,0,0,1,Had really good quick outside shooting.,2024mrcmp,AV,AV,12,0,1,Crescendo_FIRST_Mid-Atlantic_District_Championship_2024_raw_export.csv,1,2,6,8,0,5,0,3314,12,7,29,22
0,2,,0,0,1,,2024mrcmp,CJ,CJ,12,0,0,Crescendo_FIRST_Mid-Atlantic_District_Championship_2024_raw_export.csv,0,0,3,3,0,10,0,1640,6,10,19,9
0,2,,0,0,1,,2024mrcmp,DD,DD,12,0,1,Crescendo_FIRST_Mid-Atlantic_District_Championship_2024_raw_export.csv,0,5,4,9,0,10,0,1676,8,10,31,21
0,1,,0,0,1,,2024mrcmp,AO,AO,12,0,0,Crescendo_FIRST_Mid-Atlantic_District_Championship_2024_raw_export.csv,1,0,4,4,0,5,1,103,8,7,18,11
0,0,,0,0,0,,2024mrcmp,SJ,SJ,12,0,0,Crescendo_FIRST_Mid-Atlantic_District_Championship_2024_raw_export.csv,0,4,0,4,0,0,0,2191,0,0,4,4
0,1,,0,0,0,They missed a few shots at first but then they pulled it together and scored consistently.,2024mrcmp,RA,RA,12,0,0,Crescendo_FIRST_Mid-Atlantic_District_Championship_2024_raw_export.csv,0,0,7,7,0,5,0,9027,14,5,19,14
0,1,,0,0,1,Might be able to buddy climb but went up to early. They had fast rotation across the field and consistent scoring.,2024mrcmp,RA,RA,13,0,0,Crescendo_FIRST_Mid-Atlantic_District_Championship_2024_raw_export.csv,1,5,4,9,0,5,0,2607,8,7,23,16
0,0,,0,0,1,Had a decent attempt at defense,2024mrcmp,AO,AO,13,0,0,Crescendo_FIRST_Mid-Atlantic_District_Championship_2024_raw_export.csv,1,0,0,0,0,0,0,7110,0,2,5,3
0,1,,0,0,0,,2024mrcmp,VC,VC,13,0,0,Crescendo_FIRST_Mid-Atlantic_District_Championship_2024_raw_export.csv,0,0,2,2,0,5,1,293,4,5,9,4
0,4,,0,0,1,,2024mrcmp,DD,DD,13,0,0,Crescendo_FIRST_Mid-Atlantic_District_Championship_2024_raw_export.csv,0,0,5,5,0,20,0,5401,10,20,33,13
0,1,,0,0,0,,2024mrcmp,SF,SF,13,0,0,Crescendo_FIRST_Mid-Atlantic_District_Championship_2024_raw_export.csv,1,4,2,6,0,5,0,272,4,7,15,8
0,1,,0,0,0,,2024mrcmp,ME,ME,13,1,0,Crescendo_FIRST_Mid-Atlantic_District_Championship_2024_raw_export.csv,1,0,0,0,0,5,0,9094,0,7,7,0
0,0,,0,0,0,,2024mrcmp,AO,AO,14,0,0,Crescendo_FIRST_Mid-Atlantic_District_Championship_2024_raw_export.csv,0,5,2,7,0,0,0,1257,4,0,9,9
0,1,,0,0,1,,2024mrcmp,VC,VC,14,1,1,Crescendo_FIRST_Mid-Atlantic_District_Championship_2024_raw_export.csv,1,3,1,4,0,5,1,2539,2,7,20,13
0,0,,0,0,1,,2024mrcmp,ME,ME,14,1,0,Crescendo_FIRST_Mid-Atlantic_District_Championship_2024_raw_export.csv,1,1,3,4,0,0,1,1279,6,2,12,10
0,1,,0,0,1,,2024mrcmp,DD,DD,14,1,0,Crescendo_FIRST_Mid-Atlantic_District_Championship_2024_raw_export.csv,0,0,3,3,0,5,1,1391,6,5,14,9
0,1,,0,0,1,,2024mrcmp,SF,SF,14,0,0,Crescendo_FIRST_Mid-Atlantic_District_Championship_2024_raw_export.csv,1,0,8,8,0,5,0,219,16,7,26,19
0,1,,0,0,0,The auto could be a 4 piece with a little tuning. They have potential the shooter is very powerful and can maybe shoot from further away.,2024mrcmp,RA,RA,14,0,0,Crescendo_FIRST_Mid-Atlantic_District_Championship_2024_raw_export.csv,1,2,3,5,0,5,0,9015,6,7,15,8
0,3,,0,0,0,,2024mrcmp,AO,AO,15,0,0,Crescendo_FIRST_Mid-Atlantic_District_Championship_2024_raw_export.csv,0,2,3,5,0,15,0,427,6,15,23,8
1,0,,0,0,0,,2024mrcmp,SF,SF,15,0,0,Crescendo_FIRST_Mid-Atlantic_District_Championship_2024_raw_export.csv,1,3,0,3,2,0,0,11,0,4,7,3
0,1,,0,0,0,,2024mrcmp,DD,DD,15,0,0,Crescendo_FIRST_Mid-Atlantic_District_Championship_2024_raw_export.csv,0,2,4,6,0,5,0,8513,8,5,15,10
0,3,,0,0,1,,2024mrcmp,VC,VC,15,0,2,Crescendo_FIRST_Mid-Atlantic_District_Championship_2024_raw_export.csv,1,0,9,9,0,15,0,1403,18,17,48,31
0,2,,0,0,0,They had consistent scoring but they rotated around the field very slow.,2024mrcmp,RA,RA,15,1,0,Crescendo_FIRST_Mid-Atlantic_District_Championship_2024_raw_export.csv,1,3,3,6,0,10,0,2720,6,12,21,9
0,1,,0,0,0,,2024mrcmp,ME,ME,15,0,0,Crescendo_FIRST_Mid-Atlantic_District_Championship_2024_raw_export.csv,1,0,2,2,0,5,1,4285,4,7,11,4
0,1,,0,0,0,"Tried to climb, failed 3 not auto, slow pickup",2024mrcmp,VC,VC,16,0,0,Crescendo_FIRST_Mid-Atlantic_District_Championship_2024_raw_export.csv,1,0,8,8,0,5,0,56,16,7,23,16
0,0,,0,0,0,"Made a shot at speaker and missed
Attempted climb",2024mrcmp,Sb,SB,16,0,0,Crescendo_FIRST_Mid-Atlantic_District_Championship_2024_raw_export.csv,0,5,0,5,0,0,0,102,0,0,5,5
0,1,,0,0,1,,2024mrcmp,SF,SF,16,1,0,Crescendo_FIRST_Mid-Atlantic_District_Championship_2024_raw_export.csv,1,5,1,6,0,5,0,1218,2,7,17,10
0,1,,0,1,1,,2024mrcmp,ME,ME,16,1,0,Crescendo_FIRST_Mid-Atlantic_District_Championship_2024_raw_export.csv,1,0,2,2,0,5,1,3637,4,7,14,7
0,1,,0,0,0,,2024mrcmp,AO,AO,16,0,0,Crescendo_FIRST_Mid-Atlantic_District_Championship_2024_raw_export.csv,0,0,4,4,0,5,0,4361,8,5,13,8
0,1,,0,0,1,Went for center line in auto but missed. Good scoring slow rotation.,2024mrcmp,RA,RA,16,0,0,Crescendo_FIRST_Mid-Atlantic_District_Championship_2024_raw_export.csv,1,0,6,6,0,5,0,5181,12,7,22,15
0,1,,0,1,0,,2024mrcmp,WL,WL,17,1,0,Crescendo_FIRST_Mid-Atlantic_District_Championship_2024_raw_export.csv,1,2,2,4,0,5,0,2590,4,7,13,6
0,4,,0,0,0,,2024mrcmp,MI,MI,17,0,0,Crescendo_FIRST_Mid-Atlantic_District_Championship_2024_raw_export.csv,1,0,7,7,0,20,0,7414,14,22,36,14
0,1,,0,0,1,,2024mrcmp,LB,LB,17,0,0,Crescendo_FIRST_Mid-Atlantic_District_Championship_2024_raw_export.csv,0,0,4,4,0,5,0,1811,8,5,16,11
0,3,,0,0,0,,2024mrcmp,AO,AO,17,0,0,Crescendo_FIRST_Mid-Atlantic_District_Championship_2024_raw_export.csv,0,4,2,6,0,15,0,4342,4,15,23,8
0,0,,1,0,0,Did not show,2024mrcmp,VC,VC,17,0,0,Crescendo_FIRST_Mid-Atlantic_District_Championship_2024_raw_export.csv,0,0,0,0,0,0,0,5438,0,0,0,0
0,1,,0,0,1,Standard round good speed consistent scoring. They could q!so score from a but if distance they didn't just have to come up close.,2024mrcmp,RA,RA,17,0,0,Crescendo_FIRST_Mid-Atlantic_District_Championship_2024_raw_export.csv,0,2,5,7,0,5,0,484,10,5,20,15
0,2,,0,0,1,,2024mrcmp,WL,WL,18,0,0,Crescendo_FIRST_Mid-Atlantic_District_Championship_2024_raw_export.csv,0,0,4,4,0,10,0,5684,8,10,21,11
0,0,,0,1,1,,2024mrcmp,WL,WL,18,1,0,Crescendo_FIRST_Mid-Atlantic_District_Championship_2024_raw_export.csv,0,3,1,4,0,0,0,2495,2,0,8,8
0,1,,0,0,0,,2024mrcmp,AO,AO,18,0,0,Crescendo_FIRST_Mid-Atlantic_District_Championship_2024_raw_export.csv,0,2,1,3,0,5,1,1089,2,5,9,4
0,3,,0,0,0,,2024mrcmp,MI,MI,18,1,0,Crescendo_FIRST_Mid-Atlantic_District_Championship_2024_raw_export.csv,1,1,5,6,0,15,0,1168,10,17,28,11
0,1,,0,1,1,,2024mrcmp,SG,SG,18,0,0,Crescendo_FIRST_Mid-Atlantic_District_Championship_2024_raw_export.csv,1,0,5,5,0,5,0,714,10,7,20,13
0,2,,0,0,0,Peddie seemed much slower and they goobed their auto,2024mrcmp,RA,RA,18,0,0,Crescendo_FIRST_Mid-Atlantic_District_Championship_2024_raw_export.csv,1,4,5,9,0,10,0,5895,10,12,26,14
0,0,,0,0,0,,2024mrcmp,LB,LB,18,0,0,Crescendo_FIRST_Mid-Atlantic_District_Championship_2024_raw_export.csv,0,0,2,2,0,0,0,321,4,0,4,4
0,0,,0,0,1,,2024mrcmp,WL,WL,19,1,0,Crescendo_FIRST_Mid-Atlantic_District_Championship_2024_raw_export.csv,1,0,1,1,0,0,0,222,2,2,7,5
0,3,,0,0,1,"Got a note stuck in their bot that stoped them from getting more.
The third price may have been 75 I started scouting them at the end by accident.",2024mrcmp,Sb,SB,19,0,0,Crescendo_FIRST_Mid-Atlantic_District_Championship_2024_raw_export.csv,1,1,3,4,0,15,0,6921,6,17,27,10
0,2,,0,1,1,,2024mrcmp,LB,LB,19,0,0,Crescendo_FIRST_Mid-Atlantic_District_Championship_2024_raw_export.csv,1,0,5,5,0,10,1,75,10,12,25,13
0,0,,0,1,1,,2024mrcmp,SG,SG,19,0,0,Crescendo_FIRST_Mid-Atlantic_District_Championship_2024_raw_export.csv,0,5,5,10,0,0,0,2722,10,0,18,18
0,2,,0,0,1,,2024mrcmp,AO,AO,19,1,0,Crescendo_FIRST_Mid-Atlantic_District_Championship_2024_raw_export.csv,1,4,3,7,0,10,0,316,6,12,25,13
0,1,,0,0,0,,2024mrcmp,MI,MI,19,0,0,Crescendo_FIRST_Mid-Atlantic_District_Championship_2024_raw_export.csv,1,0,1,1,0,5,1,555,2,7,9,2
0,1,,0,0,0,,2024mrcmp,LB,LB,20,0,0,Crescendo_FIRST_Mid-Atlantic_District_Championship_2024_raw_export.csv,0,1,3,4,0,5,1,223,6,5,12,7
0,0,,0,0,0,,2024mrcmp,MI,MI,20,0,0,Crescendo_FIRST_Mid-Atlantic_District_Championship_2024_raw_export.csv,1,2,1,3,0,0,0,5992,2,2,6,4
0,3,,0,1,0,May have missed a game piece during auto,2024mrcmp,Sb,SB,20,1,0,Crescendo_FIRST_Mid-Atlantic_District_Championship_2024_raw_export.csv,1,3,7,10,0,15,0,341,14,17,34,17
1,0,,0,0,0,,2024mrcmp,SG,SG,20,0,0,Crescendo_FIRST_Mid-Atlantic_District_Championship_2024_raw_export.csv,1,6,0,6,2,0,0,6226,0,4,10,6
0,1,,0,1,1,,2024mrcmp,AO,AO,20,0,0,Crescendo_FIRST_Mid-Atlantic_District_Championship_2024_raw_export.csv,1,4,2,6,0,5,1,365,4,7,18,11
0,2,,0,0,1,May have miscounted the number of notes by one,2024mrcmp,Sb,SB,21,1,1,Crescendo_FIRST_Mid-Atlantic_District_Championship_2024_raw_export.csv,1,0,9,9,0,10,1,2539,18,12,38,26
0,2,,0,0,1,,2024mrcmp,TB,TB,21,0,0,Crescendo_FIRST_Mid-Atlantic_District_Championship_2024_raw_export.csv,1,3,1,4,0,10,1,1640,2,12,20,8
0,1,,0,0,0,,2024mrcmp,AO,AO,21,0,0,Crescendo_FIRST_Mid-Atlantic_District_Championship_2024_raw_export.csv,1,2,3,5,0,5,0,9094,6,7,15,8
0,1,,0,0,1,Tried to get the rings on the centre line but they just missed them.,2024mrcmp,,,21,0,0,Crescendo_FIRST_Mid-Atlantic_District_Championship_2024_raw_export.csv,1,0,7,7,0,5,0,1923,14,7,24,17
0,0,,0,0,1,Missed 2 shots in speaker during auto,2024mrcmp,SJ,SJ,21,0,0,Crescendo_FIRST_Mid-Atlantic_District_Championship_2024_raw_export.csv,1,0,8,8,0,0,0,219,16,2,21,19
0,1,,0,0,0,,2024mrcmp,CJ,CJ,21,0,0,Crescendo_FIRST_Mid-Atlantic_District_Championship_2024_raw_export.csv,0,6,0,6,0,5,0,2191,0,5,11,6
0,0,,0,0,1,,2024mrcmp,AO,AO,22,0,0,Crescendo_FIRST_Mid-Atlantic_District_Championship_2024_raw_export.csv,0,4,0,4,0,0,1,11,0,0,7,7
0,4,,0,1,1,Got distracted with around 60-30 seconds left,2024mrcmp,Sb,SB,22,0,0,Crescendo_FIRST_Mid-Atlantic_District_Championship_2024_raw_export.csv,1,0,4,4,0,20,1,2607,8,22,33,11
0,1,,0,0,1,,2024mrcmp,AV,AV,22,0,0,Crescendo_FIRST_Mid-Atlantic_District_Championship_2024_raw_export.csv,0,0,5,5,0,5,0,7110,10,5,18,13
0,3,,0,1,1,,2024mrcmp,TB,TB,22,1,0,Crescendo_FIRST_Mid-Atlantic_District_Championship_2024_raw_export.csv,1,2,4,6,0,15,1,1807,8,17,30,13
0,3,,0,0,1,Spent majority of troop stage passing notes to alliance. Several attempts for trap but failed.,2024mrcmp,SJ,SJ,22,1,0,Crescendo_FIRST_Mid-Atlantic_District_Championship_2024_raw_export.csv,1,0,4,4,0,15,0,103,8,17,28,11
0,0,,0,0,0,Possible shooter\amp feeder broken,2024mrcmp,CJ,CJ,22,0,0,Crescendo_FIRST_Mid-Atlantic_District_Championship_2024_raw_export.csv,1,4,1,5,0,0,0,9015,2,2,8,6
0,3,,0,0,0,,2024mrcmp,TB,TB,23,0,0,Crescendo_FIRST_Mid-Atlantic_District_Championship_2024_raw_export.csv,1,2,4,6,0,15,0,56,8,17,27,10
0,3,,0,0,1,,2024mrcmp,SJ,SJ,23,0,1,Crescendo_FIRST_Mid-Atlantic_District_Championship_2024_raw_export.csv,0,4,1,5,0,15,0,3314,2,15,29,14
0,2,,0,1,1,"Was a little distracted this match May have scored a note or two I missed 
Went to centerline but did pick up I believe
Got note stuck in bot
Shot a note out of arena",2024mrcmp,Sb,SB,23,0,0,Crescendo_FIRST_Mid-Atlantic_District_Championship_2024_raw_export.csv,1,0,0,0,0,10,1,7045,0,12,15,3
0,1,,0,0,1,Inconsistent shot and spent a good thirty seconds trying to get a ring unstuck from their bot.,2024mrcmp,AV,AV,23,1,0,Crescendo_FIRST_Mid-Atlantic_District_Championship_2024_raw_export.csv,1,1,1,2,0,5,0,1218,2,7,13,6
0,1,,0,1,1,,2024mrcmp,AO,AO,23,1,0,Crescendo_FIRST_Mid-Atlantic_District_Championship_2024_raw_export.csv,1,0,6,6,0,5,0,1279,12,7,22,15
0,3,,0,0,1,,2024mrcmp, CJ,CJ,23,1,0,Crescendo_FIRST_Mid-Atlantic_District_Championship_2024_raw_export.csv,1,0,6,6,0,15,0,2720,12,17,32,15
0,0,,1,0,0,Got a ring stuck in their bot and played some pretty good defense until they deadbotted,2024mrcmp,AV,AV,24,0,0,Crescendo_FIRST_Mid-Atlantic_District_Championship_2024_raw_export.csv,1,1,0,1,0,0,0,1257,0,2,3,1
0,1,,0,0,1,,2024mrcmp,TB,TB,24,0,0,Crescendo_FIRST_Mid-Atlantic_District_Championship_2024_raw_export.csv,0,0,4,4,0,5,0,834,8,5,16,11
0,2,,0,0,1,,2024mrcmp,CJ,CJ,24,1,1,Crescendo_FIRST_Mid-Atlantic_District_Championship_2024_raw_export.csv,1,3,2,5,0,10,0,8513,4,12,27,15
0,2,,0,0,1,,2024mrcmp,SJ,SJ,24,0,0,Crescendo_FIRST_Mid-Atlantic_District_Championship_2024_raw_export.csv,1,2,4,6,0,10,0,1676,8,12,25,13
0,4,,1,0,0,Stoped moving very well after hitting 1676 and had to park early,2024mrcmp,Sb,SB,24,0,0,Crescendo_FIRST_Mid-Atlantic_District_Championship_2024_raw_export.csv,1,2,1,3,0,20,0,7414,2,22,26,4
0,0,,0,0,0,,2024mrcmp,AO,AO,24,0,0,Crescendo_FIRST_Mid-Atlantic_District_Championship_2024_raw_export.csv,0,0,3,3,0,0,0,1811,6,0,6,6
0,2,,0,0,0,,2024mrcmp,TB,TB,25,0,0,Crescendo_FIRST_Mid-Atlantic_District_Championship_2024_raw_export.csv,1,3,5,8,0,10,0,3637,10,12,25,13
0,1,,0,0,0,Lost count of speaker notes,2024mrcmp,VC,VC,25,1,0,Crescendo_FIRST_Mid-Atlantic_District_Championship_2024_raw_export.csv,1,0,5,5,0,5,0,4285,10,7,17,10
0,1,,0,0,0,,2024mrcmp,MI,MI,25,1,0,Crescendo_FIRST_Mid-Atlantic_District_Championship_2024_raw_export.csv,1,0,10,10,0,5,0,5181,20,7,27,20
0,3,,0,0,0,,2024mrcmp,AO,AO,25,1,0,Crescendo_FIRST_Mid-Atlantic_District_Championship_2024_raw_export.csv,1,2,3,5,0,15,0,5438,6,17,25,8
0,0,,0,0,0,"Intake took some notes in oddly and had to spit them out
May have missed a note or two",2024mrcmp,Sb,SB,25,0,0,Crescendo_FIRST_Mid-Atlantic_District_Championship_2024_raw_export.csv,1,0,3,3,0,0,0,484,6,2,8,6
0,1,,0,0,0,,2024mrcmp,ME,ME,26,1,0,Crescendo_FIRST_Mid-Atlantic_District_Championship_2024_raw_export.csv,1,1,0,1,0,5,0,2590,0,7,8,1
0,3,,0,0,0,,2024mrcmp,AO,AO,26,0,0,Crescendo_FIRST_Mid-Atlantic_District_Championship_2024_raw_export.csv,0,2,4,6,0,15,1,293,8,15,25,10
0,1,,0,0,1,,2024mrcmp,MI,MI,26,0,0,Crescendo_FIRST_Mid-Atlantic_District_Championship_2024_raw_export.csv,1,5,1,6,0,5,0,2722,2,7,17,10
0,1,,0,0,1,Took a while to intake at one point,2024mrcmp,Sb,SB,26,0,0,Crescendo_FIRST_Mid-Atlantic_District_Championship_2024_raw_export.csv,0,3,2,5,0,5,0,4361,4,5,15,10
0,3,,0,0,1,,2024mrcmp,VC,VC,26,0,0,Crescendo_FIRST_Mid-Atlantic_District_Championship_2024_raw_export.csv,1,0,2,2,0,15,1,321,4,17,24,7
0,0,,0,0,0,,2024mrcmp,TB,TB,26,0,0,Crescendo_FIRST_Mid-Atlantic_District_Championship_2024_raw_export.csv,0,0,2,2,0,0,0,9027,4,0,4,4
0,0,,0,0,0,,2024mrcmp,AO,AO,27,0,0,Crescendo_FIRST_Mid-Atlantic_District_Championship_2024_raw_export.csv,1,1,6,7,0,0,0,6921,12,2,15,13
0,1,,0,0,1,Just lobbed the whole time,2024mrcmp,LB,LB,27,1,0,Crescendo_FIRST_Mid-Atlantic_District_Championship_2024_raw_export.csv,1,0,0,0,0,5,1,714,0,7,10,3
0,4,,1,0,0,Had connection issues,2024mrcmp,VC,VC,27,0,0,Crescendo_FIRST_Mid-Atlantic_District_Championship_2024_raw_export.csv,1,0,4,4,0,20,0,5401,8,22,30,8
0,1,,0,0,0,,2024mrcmp,MI,MI,27,0,0,Crescendo_FIRST_Mid-Atlantic_District_Championship_2024_raw_export.csv,0,3,1,4,0,5,1,3142,2,5,10,5
0,1,,0,0,0,,2024mrcmp,MR,MR,27,1,0,Crescendo_FIRST_Mid-Atlantic_District_Championship_2024_raw_export.csv,1,2,1,3,0,5,1,365,2,7,11,4
0,3,,0,0,1,Intake broke and then the bot stated moving very slowly and very weird.,2024mrcmp,RA,RA,27,0,0,Crescendo_FIRST_Mid-Atlantic_District_Championship_2024_raw_export.csv,1,2,1,3,0,15,0,4342,2,17,24,7
0,0,,0,0,0,,2024mrcmp,AO,AO,28,0,0,Crescendo_FIRST_Mid-Atlantic_District_Championship_2024_raw_export.csv,0,0,0,0,0,0,1,102,0,0,0,0
0,1,,0,0,0,,2024mrcmp,TB,TB,28,0,0,Crescendo_FIRST_Mid-Atlantic_District_Championship_2024_raw_export.csv,0,0,6,6,0,5,0,427,12,5,17,12
0,1,,0,1,1,,2024mrcmp,VC,VC,28,1,0,Crescendo_FIRST_Mid-Atlantic_District_Championship_2024_raw_export.csv,1,0,4,4,0,5,1,75,8,7,18,11
0,2,,0,0,0,Did amazing at first but seemed to break something and became unable to score almost did a buddy climb but was to slow.,2024mrcmp,RA,RA,28,1,0,Crescendo_FIRST_Mid-Atlantic_District_Championship_2024_raw_export.csv,1,6,3,9,0,10,0,341,6,12,24,12
1,0,,0,1,1,,2024mrcmp,MI,MI,28,0,0,Crescendo_FIRST_Mid-Atlantic_District_Championship_2024_raw_export.csv,1,3,0,3,2,0,0,6226,0,4,10,6
0,1,,0,1,1,,2024mrcmp,ME,ME,28,0,0,Crescendo_FIRST_Mid-Atlantic_District_Championship_2024_raw_export.csv,1,0,3,3,0,5,0,555,6,7,16,9
1,1,,0,0,1,,2024mrcmp,AO,AO,29,1,0,Crescendo_FIRST_Mid-Atlantic_District_Championship_2024_raw_export.csv,1,0,4,4,2,5,0,222,8,9,20,11
0,1,,0,0,1,"Shooter broken, played defense",2024mrcmp,SG,SG,29,0,0,Crescendo_FIRST_Mid-Atlantic_District_Championship_2024_raw_export.csv,1,0,1,1,0,5,0,2495,2,7,12,5
0,2,,0,0,0,,2024mrcmp,MI,MI,29,0,0,Crescendo_FIRST_Mid-Atlantic_District_Championship_2024_raw_export.csv,1,5,2,7,0,10,0,5992,4,12,21,9
0,0,,0,0,0,Did better before the reset,2024mrcmp,WL,WL,29,1,0,Crescendo_FIRST_Mid-Atlantic_District_Championship_2024_raw_export.csv,1,0,4,4,0,0,1,1391,8,2,10,8
0,2,,1,0,1,,2024mrcmp,SJ,SJ,29,0,0,Crescendo_FIRST_Mid-Atlantic_District_Championship_2024_raw_export.csv,1,2,3,5,0,10,0,1403,6,12,23,11
0,1,,0,1,1,,2024mrcmp,TB,TB,29,1,0,Crescendo_FIRST_Mid-Atlantic_District_Championship_2024_raw_export.csv,1,3,4,7,0,5,0,316,8,7,21,14
0,1,,1,0,0,may need to redo match,2024mrcmp,AO,AO,30,1,0,Crescendo_FIRST_Mid-Atlantic_District_Championship_2024_raw_export.csv,1,3,3,6,0,5,0,5684,6,7,16,9
0,2,,0,0,0,,2024mrcmp,SG,SG,30,0,0,Crescendo_FIRST_Mid-Atlantic_District_Championship_2024_raw_export.csv,1,1,5,6,0,10,0,223,10,12,23,11
0,0,,0,0,1,,2024mrcmp,WL,WL,30,0,0,Crescendo_FIRST_Mid-Atlantic_District_Championship_2024_raw_export.csv,0,2,4,6,0,0,0,1089,8,0,13,13
0,1,,0,0,1,,2024mrcmp,MI,MI,30,0,1,Crescendo_FIRST_Mid-Atlantic_District_Championship_2024_raw_export.csv,1,2,4,6,0,5,0,272,8,7,25,18
0,2,,0,0,1,"Lobbed one note
May have scored one more in speaker and one less in amp",2024mrcmp,Sb,SB,30,0,0,Crescendo_FIRST_Mid-Atlantic_District_Championship_2024_raw_export.csv,1,5,4,9,0,10,1,5895,8,12,28,16
0,1,,1,0,0,They broke down at the very end otherwise they had pretty consistent capabilities.,2024mrcmp,RA,RA,30,0,0,Crescendo_FIRST_Mid-Atlantic_District_Championship_2024_raw_export.csv,0,0,3,3,0,5,1,4573,6,5,11,6
0,1,,0,0,0,Tried to grab from center line but failed. Struggled to intake off the floor.,2024mrcmp,RA,RA,31,0,0,Crescendo_FIRST_Mid-Atlantic_District_Championship_2024_raw_export.csv,1,2,3,5,0,5,0,56,6,7,15,8
0,0,,1,0,0,"Played defense did ok but nothing special
Stoped under opponents stage but got pushed out by 2720",2024mrcmp,Sb,SB,31,0,0,Crescendo_FIRST_Mid-Atlantic_District_Championship_2024_raw_export.csv,0,0,0,0,0,0,0,7110,0,0,0,0
0,0,,0,0,1,,2024mrcmp,SG,SG,31,0,0,Crescendo_FIRST_Mid-Atlantic_District_Championship_2024_raw_export.csv,1,3,2,5,0,0,0,8513,4,2,12,10
0,3,,0,0,0,,2024mrcmp,AO,AO,31,0,0,Crescendo_FIRST_Mid-Atlantic_District_Championship_2024_raw_export.csv,0,3,0,3,0,15,1,2720,0,15,18,3
0,1,,0,0,1,,2024mrcmp,WL,WL,31,0,0,Crescendo_FIRST_Mid-Atlantic_District_Championship_2024_raw_export.csv,0,0,4,4,0,5,0,1811,8,5,16,11
0,3,,0,0,0,,2024mrcmp,VC,VC,31,1,0,Crescendo_FIRST_Mid-Atlantic_District_Championship_2024_raw_export.csv,1,4,6,10,0,15,0,1923,12,17,33,16
0,0,,0,0,0,,2024mrcmp,,,32,0,0,Crescendo_FIRST_Mid-Atlantic_District_Championship_2024_raw_export.csv,0,0,0,0,0,0,0,3314,0,0,0,0
0,3,,0,0,1,Lobbed one note,2024mrcmp,Sb,SB,32,0,0,Crescendo_FIRST_Mid-Atlantic_District_Championship_2024_raw_export.csv,1,5,4,9,0,15,1,1640,8,17,33,16
0,5,,0,0,1,,2024mrcmp,VC,VC,32,1,1,Crescendo_FIRST_Mid-Atlantic_District_Championship_2024_raw_export.csv,1,0,6,6,0,25,0,2539,12,27,47,20
1,0,,0,0,0,,2024mrcmp,SG,SG,32,0,0,Crescendo_FIRST_Mid-Atlantic_District_Championship_2024_raw_export.csv,1,3,0,3,2,0,0,11,0,4,7,3
0,1,,0,0,0,Inconsistent speaker scoring. Tried to buddy climb but failed.,2024mrcmp,RA,RA,32,0,0,Crescendo_FIRST_Mid-Atlantic_District_Championship_2024_raw_export.csv,1,0,4,4,0,5,0,1279,8,7,15,8
0,2,,0,0,0,,2024mrcmp,AO,AO,32,1,0,Crescendo_FIRST_Mid-Atlantic_District_Championship_2024_raw_export.csv,1,2,3,5,0,10,1,1807,6,12,20,8
0,1,,0,0,1,Played defense because it broke,2024mrcmp,WL,WL,32,0,0,Crescendo_FIRST_Mid-Atlantic_District_Championship_2024_raw_export.csv,0,0,0,0,0,5,0,484,0,5,8,3
0,3,,0,0,1,,2024mrcmp,CJ,CJ,33,1,1,Crescendo_FIRST_Mid-Atlantic_District_Championship_2024_raw_export.csv,1,3,2,5,0,15,0,3314,4,17,32,15
0,4,,0,0,0,,2024mrcmp,Sb,SB,33,0,0,Crescendo_FIRST_Mid-Atlantic_District_Championship_2024_raw_export.csv,1,0,7,7,0,20,0,293,14,22,36,14
0,1,,1,0,0,,2024mrcmp,AO,AO,33,0,0,Crescendo_FIRST_Mid-Atlantic_District_Championship_2024_raw_export.csv,0,0,0,0,0,5,0,4285,0,5,5,0
0,1,,0,0,0,Missed a shot at the end and slow cycle times.,2024mrcmp,RA,RA,33,0,0,Crescendo_FIRST_Mid-Atlantic_District_Championship_2024_raw_export.csv,1,3,3,6,0,5,0,2722,6,7,16,9
0,4,,1,0,0,Hit by another bot,2024mrcmp,SG,SG,33,0,0,Crescendo_FIRST_Mid-Atlantic_District_Championship_2024_raw_export.csv,1,2,2,4,0,20,0,7414,4,22,28,6
0,1,,1,0,0,Had connection issues and kept turning off and on,2024mrcmp,VC,VC,33,0,0,Crescendo_FIRST_Mid-Atlantic_District_Championship_2024_raw_export.csv,0,0,0,0,0,5,1,9015,0,5,5,0
0,3,,1,0,0,Disabled after note jammed in intake,2024mrcmp,CJ,CJ,34,0,0,Crescendo_FIRST_Mid-Atlantic_District_Championship_2024_raw_export.csv,1,2,3,5,0,15,0,2590,6,17,25,8
0,4,,0,0,1,started to miss amp shots after the first shot. Can shoot windbreaker from distance. Attempted to buddy climb but the other bot failed. Very quick rotation and reliable distance shooting.,2024mrcmp,RA,RA,34,0,0,Crescendo_FIRST_Mid-Atlantic_District_Championship_2024_raw_export.csv,1,3,5,8,0,20,0,2607,10,22,38,16
0,1,,0,0,0,,2024mrcmp,AV,AV,34,1,0,Crescendo_FIRST_Mid-Atlantic_District_Championship_2024_raw_export.csv,1,4,2,6,0,5,0,9094,4,7,15,8
0,1,,0,0,0,,2024mrcmp,LB,LB,34,0,0,Crescendo_FIRST_Mid-Atlantic_District_Championship_2024_raw_export.csv,1,0,0,0,0,5,1,5181,0,7,7,0
0,3,,0,0,0,,2024mrcmp,SJ,SJ,34,0,0,Crescendo_FIRST_Mid-Atlantic_District_Championship_2024_raw_export.csv,1,0,6,6,0,15,0,219,12,17,29,12
0,2,,0,0,1,,2024mrcmp,,,35,1,0,Crescendo_FIRST_Mid-Atlantic_District_Championship_2024_raw_export.csv,0,3,2,5,0,10,0,222,4,10,20,10
0,4,,0,0,0,,2024mrcmp,SJ,SJ,35,0,0,Crescendo_FIRST_Mid-Atlantic_District_Championship_2024_raw_export.csv,1,4,3,7,0,20,0,1168,6,22,32,10
0,4,,1,0,0,Disconnected after a small bump,2024mrcmp,Cc,CC,35,0,0,Crescendo_FIRST_Mid-Atlantic_District_Championship_2024_raw_export.csv,0,0,5,5,0,20,0,5401,10,20,30,10
0,2,,0,1,1,,2024mrcmp,LB,LB,35,1,0,Crescendo_FIRST_Mid-Atlantic_District_Championship_2024_raw_export.csv,0,0,0,0,0,10,1,714,0,10,13,3
0,3,,0,0,1,,2024mrcmp,AV,AV,35,1,0,Crescendo_FIRST_Mid-Atlantic_District_Championship_2024_raw_export.csv,1,4,3,7,0,15,0,341,6,17,30,13
0,2,,0,0,0,The bot is fast and the driver is good. They have consistent scoring. The shooter is slow to get into position and they lose valuable time setting up for scoring.,2024mrcmp,RA,RA,35,0,1,Crescendo_FIRST_Mid-Atlantic_District_Championship_2024_raw_export.csv,1,2,4,6,0,10,0,1676,8,12,27,15
0,0,,0,1,1,Did not see the auto,2024mrcmp,TB,TB,35,0,0,Crescendo_FIRST_Mid-Atlantic_District_Championship_2024_raw_export.csv,0,3,4,7,0,0,0,4361,8,0,14,14
0,1,,1,0,0,"2x tech fouls blocking stage, got hit and stopped moving under stage",2024mrcmp,CJ,CJ,35,0,0,Crescendo_FIRST_Mid-Atlantic_District_Championship_2024_raw_export.csv,1,0,3,3,0,5,0,555,6,7,13,6
0,1,,1,0,0,Collided with another robot in auto and stopped for half the match,2024mrcmp,TB,TB,36,0,0,Crescendo_FIRST_Mid-Atlantic_District_Championship_2024_raw_export.csv,1,1,0,1,0,5,0,1257,0,7,8,1
0,1,,0,0,0,Insufficient time for climbing,2024mrcmp,SJ,SJ,36,0,0,Crescendo_FIRST_Mid-Atlantic_District_Championship_2024_raw_export.csv,1,4,5,9,0,5,0,2495,10,7,21,14
0,1,,0,0,1,Attempted buddy climb did not have enough time.,2024mrcmp,AV,AV,36,0,0,Crescendo_FIRST_Mid-Atlantic_District_Championship_2024_raw_export.csv,1,0,3,3,0,5,0,7045,6,7,16,9
0,2,,0,0,0,Solid shooting but missed an amp shot in the beginning. Good rotation speed.,2024mrcmp,RA,RA,36,0,0,Crescendo_FIRST_Mid-Atlantic_District_Championship_2024_raw_export.csv,1,1,7,8,0,10,0,6921,14,12,27,15
0,2,,0,0,1,"Note jammed at 40 seconds, started playing defense",2024mrcmp,CJ,CJ,36,0,0,Crescendo_FIRST_Mid-Atlantic_District_Championship_2024_raw_export.csv,0,1,4,5,0,10,1,3637,8,10,22,12
1,0,,0,0,0,,2024mrcmp,LB,LB,36,0,0,Crescendo_FIRST_Mid-Atlantic_District_Championship_2024_raw_export.csv,1,5,0,5,2,0,0,6226,0,4,9,5
0,1,,0,0,0,,2024mrcmp,SF,SF,37,0,0,Crescendo_FIRST_Mid-Atlantic_District_Championship_2024_raw_export.csv,0,3,2,5,0,5,0,5992,4,5,12,7
0,4,,0,0,0,Spent last 30 seconds dead,2024mrcmp,TB,TB,37,0,0,Crescendo_FIRST_Mid-Atlantic_District_Championship_2024_raw_export.csv,0,0,5,5,0,20,0,5401,10,20,30,10
0,1,,0,0,0,"Only missed one shot in speaker , decent at maneuvering around defense",2024mrcmp,SM,SM,37,0,0,Crescendo_FIRST_Mid-Atlantic_District_Championship_2024_raw_export.csv,1,0,7,7,0,5,0,4573,14,7,21,14
0,4,,0,0,0,Failed climb and was heavily defended,2024mrcmp,VC,VC,37,0,0,Crescendo_FIRST_Mid-Atlantic_District_Championship_2024_raw_export.csv,1,3,4,7,0,20,1,316,8,22,33,11
0,0,,0,0,0,Missed the center line grab but went for it. Played very good defence in the begging. Missed an amp shot. Went for the buddy climb but then other bot took to long.,2024mrcmp,RA,RA,37,0,0,Crescendo_FIRST_Mid-Atlantic_District_Championship_2024_raw_export.csv,1,0,2,2,0,0,0,5438,4,2,6,4
1,0,,0,0,1,,2024mrcmp,TB,TB,38,1,0,Crescendo_FIRST_Mid-Atlantic_District_Championship_2024_raw_export.csv,1,2,4,6,2,0,0,222,8,4,17,13
0,1,,0,0,0,Got stolen from on the centerline during auto. Missed several speaker shots.,2024mrcmp,RA,RA,38,0,0,Crescendo_FIRST_Mid-Atlantic_District_Championship_2024_raw_export.csv,1,0,3,3,0,5,0,834,6,7,13,6
0,2,,0,0,1,"Missed 3 speaker shots, struggled to pick up notes by source for two of the notes they picked up",2024mrcmp,SM,SM,38,0,0,Crescendo_FIRST_Mid-Atlantic_District_Championship_2024_raw_export.csv,0,3,2,5,0,10,0,1403,4,10,20,10
0,0,,0,0,1,,2024mrcmp,SF,SF,38,1,0,Crescendo_FIRST_Mid-Atlantic_District_Championship_2024_raw_export.csv,1,3,5,8,0,0,0,5895,10,2,18,16
0,3,,0,0,0,,2024mrcmp,,,38,0,0,Crescendo_FIRST_Mid-Atlantic_District_Championship_2024_raw_export.csv,0,1,4,5,0,15,0,103,8,15,24,9
0,1,,0,0,1,Played defense and missed all shots in trap and speaker,2024mrcmp,VC,VC,38,0,0,Crescendo_FIRST_Mid-Atlantic_District_Championship_2024_raw_export.csv,0,0,0,0,0,5,0,9027,0,5,8,3
0,3,,0,0,1,Note got stuck in bot in last 45 seconds,2024mrcmp,VC,VC,39,0,0,Crescendo_FIRST_Mid-Atlantic_District_Championship_2024_raw_export.csv,1,0,4,4,0,15,1,223,8,17,28,11
0,1,,0,0,0,"Attempted to climb didn't make it off ground, attempted to pick note up from center line from teleop but slightly off",2024mrcmp,SM,SM,39,0,0,Crescendo_FIRST_Mid-Atlantic_District_Championship_2024_raw_export.csv,1,2,5,7,0,5,0,5684,10,7,19,12
0,2,,1,0,0,,2024mrcmp,SF,SF,39,1,0,Crescendo_FIRST_Mid-Atlantic_District_Championship_2024_raw_export.csv,1,0,0,0,0,10,0,427,0,12,12,0
0,3,,0,0,0,Almost a 4 piece auto. Looked like they might be able too trap but ran out of time. Very slow rotation speed across the field. Tried to defend sort of?,2024mrcmp,RA,RA,39,0,0,Crescendo_FIRST_Mid-Atlantic_District_Championship_2024_raw_export.csv,1,0,4,4,0,15,0,1218,8,17,25,8
0,1,,0,0,1,,2024mrcmp,TB,TB,39,0,0,Crescendo_FIRST_Mid-Atlantic_District_Championship_2024_raw_export.csv,0,3,2,5,0,5,0,3142,4,5,15,10
0,2,,0,1,1,,2024mrcmp,Cc,CC,39,1,0,Crescendo_FIRST_Mid-Atlantic_District_Championship_2024_raw_export.csv,0,0,6,6,0,10,1,1391,12,10,25,15
0,1,,0,0,1,,2024mrcmp,TB,TB,40,0,0,Crescendo_FIRST_Mid-Atlantic_District_Championship_2024_raw_export.csv,0,4,2,6,0,5,0,1089,4,5,16,11
0,2,,0,0,0,"Messed up buddy climb
Most likely sorred one more piece
Loved all of tele pretty much",2024mrcmp,Sb,SB,40,1,0,Crescendo_FIRST_Mid-Atlantic_District_Championship_2024_raw_export.csv,1,0,1,1,0,10,1,75,2,12,14,2
0,0,,0,0,1,,2024mrcmp,SF,SF,40,0,1,Crescendo_FIRST_Mid-Atlantic_District_Championship_2024_raw_export.csv,0,2,1,3,0,0,0,272,2,0,12,12
0,1,,0,0,0,"Played defense in the beginning, attempted climb but didn't make it up in time",2024mrcmp,SM,SM,40,0,0,Crescendo_FIRST_Mid-Atlantic_District_Championship_2024_raw_export.csv,0,0,3,3,0,5,0,321,6,5,11,6
0,4,,0,0,0,Missed center line grab for 5 piece auto. Missed speaker shots and struggled against defenders.,2024mrcmp,RA,RA,40,0,0,Crescendo_FIRST_Mid-Atlantic_District_Championship_2024_raw_export.csv,1,0,5,5,0,20,1,103,10,22,32,10
0,4,,0,0,1,Note got stuck in bot and played defence,2024mrcmp,VC,VC,40,0,0,Crescendo_FIRST_Mid-Atlantic_District_Championship_2024_raw_export.csv,1,1,0,1,0,20,0,4342,0,22,26,4
0,1,,0,0,0,,2024mrcmp,TB,TB,41,1,0,Crescendo_FIRST_Mid-Atlantic_District_Championship_2024_raw_export.csv,1,4,1,5,0,5,0,8513,2,7,13,6
0,1,,1,0,0,!looks like they can not amp.,2024mrcmp,RA,RA,41,0,0,Crescendo_FIRST_Mid-Atlantic_District_Championship_2024_raw_export.csv,1,0,2,2,0,5,0,1279,4,7,11,4
0,0,,0,0,0,"Lobbed most of early match
Made every shot this match they attempted
1807stoped them from potentially making a last second climb
Seemed to almost tip a bit when contacted",2024mrcmp,Sb,SB,41,0,0,Crescendo_FIRST_Mid-Atlantic_District_Championship_2024_raw_export.csv,0,0,0,0,0,0,0,4285,0,0,0,0
0,0,,0,0,0,Drew an endgame penalty,2024mrcmp,SG,SG,41,1,0,Crescendo_FIRST_Mid-Atlantic_District_Championship_2024_raw_export.csv,1,1,6,7,0,0,1,1807,12,2,15,13
0,2,,0,0,0,,2024mrcmp,MI,MI,41,0,0,Crescendo_FIRST_Mid-Atlantic_District_Championship_2024_raw_export.csv,1,5,1,6,0,10,0,365,2,12,19,7
0,1,,0,0,0,,2024mrcmp,ME,ME,41,1,0,Crescendo_FIRST_Mid-Atlantic_District_Championship_2024_raw_export.csv,1,0,0,0,0,5,0,219,0,7,7,0
0,1,,0,0,0,,2024mrcmp,MI,MI,42,0,0,Crescendo_FIRST_Mid-Atlantic_District_Championship_2024_raw_export.csv,1,0,4,4,0,5,0,56,8,7,15,8
0,0,,0,0,1,Might be able to get a two piece amp auto with some tuning. Might be able to trap but the climber broke. The broken climber still got the bot off the ground.,2024mrcmp,RA,RA,42,1,0,Crescendo_FIRST_Mid-Atlantic_District_Championship_2024_raw_export.csv,1,7,0,7,0,0,1,11,0,2,12,10
0,4,,0,0,0,Attempted buddy climb but didn't make it off the ground,2024mrcmp,SG,SG,42,0,0,Crescendo_FIRST_Mid-Atlantic_District_Championship_2024_raw_export.csv,1,5,3,8,0,20,0,2607,6,22,33,11
0,2,,0,1,1,,2024mrcmp,TB,TB,42,0,0,Crescendo_FIRST_Mid-Atlantic_District_Championship_2024_raw_export.csv,1,0,8,8,0,10,1,1676,16,12,31,19
0,0,,0,0,0,,2024mrcmp,ME,ME,42,0,0,Crescendo_FIRST_Mid-Atlantic_District_Championship_2024_raw_export.csv,0,0,0,0,0,0,0,1811,0,0,0,0
0,0,,0,0,0,"Didn't run auto
Dropped one note off not lobbying
May have scored one note early on I missed
Switched to defense, played some good defense at times",2024mrcmp,Sb,SB,42,0,0,Crescendo_FIRST_Mid-Atlantic_District_Championship_2024_raw_export.csv,0,0,0,0,0,0,0,555,0,0,0,0
0,0,,0,0,1,"Auto set them up to pick up a note from the c line after auto
shooter went in reverse multiple times when trying to score in speaker spitting out the note",2024mrcmp,Sb,SB,43,0,0,Crescendo_FIRST_Mid-Atlantic_District_Championship_2024_raw_export.csv,1,3,2,5,0,0,0,2495,4,2,12,10
0,3,,0,0,0,,2024mrcmp,SG,SG,43,0,0,Crescendo_FIRST_Mid-Atlantic_District_Championship_2024_raw_export.csv,1,5,4,9,0,15,0,1640,8,17,30,13
0,0,,0,0,1,,2024mrcmp,TB,TB,43,1,0,Crescendo_FIRST_Mid-Atlantic_District_Championship_2024_raw_export.csv,1,0,4,4,0,0,1,2590,8,2,13,11
0,1,,1,0,0,Seemed to have trouble controlling before breaking down briefly. Once they came back movement seemed to improve. Missed several speaker shots.,2024mrcmp,RA,RA,43,0,0,Crescendo_FIRST_Mid-Atlantic_District_Championship_2024_raw_export.csv,1,1,2,3,0,5,0,293,4,7,12,5
0,1,,0,0,0,,2024mrcmp,MI,MI,43,0,0,Crescendo_FIRST_Mid-Atlantic_District_Championship_2024_raw_export.csv,1,3,5,8,0,5,0,341,10,7,20,13
0,1,,0,0,1,,2024mrcmp,ME,ME,43,1,0,Crescendo_FIRST_Mid-Atlantic_District_Championship_2024_raw_export.csv,1,0,5,5,0,5,1,2720,10,7,20,13
0,3,,0,0,1,,2024mrcmp,MI,MI,44,0,1,Crescendo_FIRST_Mid-Atlantic_District_Championship_2024_raw_export.csv,1,3,1,4,0,15,1,3314,2,17,30,13
0,2,,0,0,0,"Missed climb, review auto data Match 44 7110",2024mrcmp,SG,SG,44,0,0,Crescendo_FIRST_Mid-Atlantic_District_Championship_2024_raw_export.csv,1,1,5,6,0,10,0,7110,10,12,23,11
0,0,,0,0,0,,2024mrcmp,ME,ME,44,0,0,Crescendo_FIRST_Mid-Atlantic_District_Championship_2024_raw_export.csv,1,1,3,4,0,0,0,714,6,2,9,7
0,0,,0,0,0,"May have scored one piece in auto
Just shot their preload in auto",2024mrcmp,Sb,SB,44,0,0,Crescendo_FIRST_Mid-Atlantic_District_Championship_2024_raw_export.csv,0,2,5,7,0,0,0,4361,10,0,12,12
0,3,,0,0,0,Had some trouble steering and shooting in teleop,2024mrcmp,TB,TB,44,0,0,Crescendo_FIRST_Mid-Atlantic_District_Championship_2024_raw_export.csv,0,0,0,0,0,15,0,7414,0,15,15,0
0,1,,0,0,0,Slow rotation around the field and missed several speaker shots.,2024mrcmp,RA,RA,44,0,0,Crescendo_FIRST_Mid-Atlantic_District_Championship_2024_raw_export.csv,1,0,4,4,0,5,0,4573,8,7,15,8
0,1,,0,0,0,Got feed to,2024mrcmp,VC,VC,45,0,0,Crescendo_FIRST_Mid-Atlantic_District_Championship_2024_raw_export.csv,0,5,4,9,0,5,0,5992,8,5,18,13
0,2,,0,0,1,Stuck below blue stage. Failed trap shot due to time limit,2024mrcmp,SJ,SJ,45,1,0,Crescendo_FIRST_Mid-Atlantic_District_Championship_2024_raw_export.csv,1,0,4,4,0,10,0,2539,8,12,23,11
0,2,,0,0,0,,2024mrcmp,TB,TB,45,0,0,Crescendo_FIRST_Mid-Atlantic_District_Championship_2024_raw_export.csv,1,1,3,4,0,10,0,6921,6,12,19,7
0,0,,0,0,0,Attempted to take from centerline but failed. didn't try to climb.,2024mrcmp,RA,RA,45,0,0,Crescendo_FIRST_Mid-Atlantic_District_Championship_2024_raw_export.csv,1,3,1,4,0,0,1,3637,2,2,7,5
0,0,,0,0,1,,2024mrcmp,,,45,0,0,Crescendo_FIRST_Mid-Atlantic_District_Championship_2024_raw_export.csv,0,0,1,1,0,0,0,1811,2,0,5,5
0,0,,0,0,1,"Just ran shot and do nothing auto
Got distracted by 2539 tipping so might have scored a few notes.
Played ok defense but probably shouldn't be picked for it though",2024mrcmp,Sb,SB,45,0,0,Crescendo_FIRST_Mid-Atlantic_District_Championship_2024_raw_export.csv,0,0,0,0,0,0,0,9027,0,0,3,3
0,1,,0,0,0,Potentials 3 piece auto two from center. Missed speaker shot. Made a shot from the speaker.,2024mrcmp,RA,RA,46,1,0,Crescendo_FIRST_Mid-Atlantic_District_Championship_2024_raw_export.csv,1,0,4,4,0,5,0,834,8,7,15,8
0,4,,0,0,0,Excellent teamwork scored 133 excluding stage score. High accuracy shooting mechanism,2024mrcmp,SJ,SJ,46,0,0,Crescendo_FIRST_Mid-Atlantic_District_Championship_2024_raw_export.csv,1,6,10,16,0,20,0,1168,20,22,48,26
0,2,,0,0,0,Tried to climb with a second left,2024mrcmp,Sb,SB,46,0,0,Crescendo_FIRST_Mid-Atlantic_District_Championship_2024_raw_export.csv,1,0,1,1,0,10,1,3142,2,12,14,2
0,4,,0,0,0,Attempted buddy climb but something went wrong with their arm.,2024mrcmp,AV,AV,46,1,0,Crescendo_FIRST_Mid-Atlantic_District_Championship_2024_raw_export.csv,1,0,3,3,0,20,1,1391,6,22,28,6
0,0,,0,0,0,,2024mrcmp,TB,TB,46,0,0,Crescendo_FIRST_Mid-Atlantic_District_Championship_2024_raw_export.csv,0,5,1,6,0,0,0,2191,2,0,7,7
0,0,,1,0,0,No motion from start to end,2024mrcmp,SJ,SJ,47,0,0,Crescendo_FIRST_Mid-Atlantic_District_Championship_2024_raw_export.csv,0,0,0,0,0,0,0,427,0,0,0,0
0,0,,0,0,1,,2024mrcmp,AV,AV,47,0,0,Crescendo_FIRST_Mid-Atlantic_District_Championship_2024_raw_export.csv,1,0,2,2,0,0,0,7045,4,2,9,7
0,3,,0,0,0,,2024mrcmp,CJ,CJ,47,1,0,Crescendo_FIRST_Mid-Atlantic_District_Championship_2024_raw_export.csv,1,1,11,12,0,15,0,5895,22,17,40,23
0,4,,0,0,1,,2024mrcmp,LB,LB,47,0,0,Crescendo_FIRST_Mid-Atlantic_District_Championship_2024_raw_export.csv,0,3,3,6,0,20,0,4342,6,20,32,12
0,2,,0,1,1,,2024mrcmp,TB,TB,47,1,0,Crescendo_FIRST_Mid-Atlantic_District_Championship_2024_raw_export.csv,1,4,4,8,0,10,0,316,8,12,27,15
0,2,,0,1,1,Slow but consistent scoring and buddy climb.,2024mrcmp,RA,RA,47,0,0,Crescendo_FIRST_Mid-Atlantic_District_Championship_2024_raw_export.csv,1,0,3,3,0,10,1,5181,6,12,21,9
0,3,,0,0,0,Missed the amp several times. Note stuck in robot for 10 seconds. Missed speaker shot.,2024mrcmp,RA,RA,48,1,0,Crescendo_FIRST_Mid-Atlantic_District_Championship_2024_raw_export.csv,1,0,4,4,0,15,1,223,8,17,25,8
0,3,,0,0,0,Attempted climb,2024mrcmp,CJ,CJ,48,0,0,Crescendo_FIRST_Mid-Atlantic_District_Championship_2024_raw_export.csv,1,4,1,5,0,15,0,102,2,17,23,6
0,1,,0,0,1,Attempted buddy climb their partner didn't climb.,2024mrcmp,AV,AV,48,0,0,Crescendo_FIRST_Mid-Atlantic_District_Championship_2024_raw_export.csv,1,0,3,3,0,5,0,1089,6,7,16,9
0,3,,0,0,1,Intake broke,2024mrcmp,TB,TB,48,0,0,Crescendo_FIRST_Mid-Atlantic_District_Championship_2024_raw_export.csv,0,0,0,0,0,15,0,321,0,15,18,3
0,0,,0,0,0,Got two notes stuck in shooter in auto and couldn't do anything,2024mrcmp,LB,LB,48,1,0,Crescendo_FIRST_Mid-Atlantic_District_Championship_2024_raw_export.csv,1,0,0,0,0,0,0,9094,0,2,2,0
0,0,,1,0,0,No motion from start to last minute. Played defense after that. Missed one of its arm during stage,2024mrcmp,SJ,SJ,48,0,0,Crescendo_FIRST_Mid-Atlantic_District_Championship_2024_raw_export.csv,0,0,0,0,0,0,0,5438,0,0,0,0
0,1,,0,0,0,Attempted a three piece auto. Might be able to trap?,2024mrcmp,RA,RA,49,1,0,Crescendo_FIRST_Mid-Atlantic_District_Championship_2024_raw_export.csv,1,0,5,5,0,5,0,222,10,7,17,10
0,1,,0,0,0,Played defence and failed to place in amp,2024mrcmp,VC,VC,49,0,0,Crescendo_FIRST_Mid-Atlantic_District_Championship_2024_raw_export.csv,1,0,1,1,0,5,0,1257,2,7,9,2
0,0,,0,0,1,,2024mrcmp,SF,SF,49,0,0,Crescendo_FIRST_Mid-Atlantic_District_Championship_2024_raw_export.csv,0,5,4,9,0,0,0,272,8,0,16,16
0,0,,0,0,0,,2024mrcmp,TB,TB,49,0,0,Crescendo_FIRST_Mid-Atlantic_District_Championship_2024_raw_export.csv,0,3,4,7,0,0,0,2722,8,0,11,11
0,3,,0,0,0,Shot lots of notes from source towards speaker to shoot when amplified,2024mrcmp,SM,SM,49,0,0,Crescendo_FIRST_Mid-Atlantic_District_Championship_2024_raw_export.csv,1,0,4,4,0,15,1,103,8,17,25,8
0,2,,0,0,0,,2024mrcmp,LB,LB,49,1,1,Crescendo_FIRST_Mid-Atlantic_District_Championship_2024_raw_export.csv,1,5,2,7,0,10,0,1923,4,12,26,14
0,1,,0,0,0,"Attempted buddy climb but didn't make it up in time, struggled to score some in amp",2024mrcmp,SM,SM,50,1,0,Crescendo_FIRST_Mid-Atlantic_District_Championship_2024_raw_export.csv,1,1,3,4,0,5,1,75,6,7,14,7
0,4,,0,0,1,Was Fed to,2024mrcmp,VC,VC,50,0,0,Crescendo_FIRST_Mid-Atlantic_District_Championship_2024_raw_export.csv,1,0,12,12,0,20,0,5401,24,22,49,27
0,1,,0,0,1,,2024mrcmp,TB,TB,50,0,0,Crescendo_FIRST_Mid-Atlantic_District_Championship_2024_raw_export.csv,1,1,5,6,0,5,0,1218,10,7,21,14
1,0,,0,0,1,,2024mrcmp,LB,LB,50,0,0,Crescendo_FIRST_Mid-Atlantic_District_Championship_2024_raw_export.csv,1,3,0,3,2,0,0,6226,0,4,10,6
0,1,,0,0,0,Can climb but was to slow.,2024mrcmp,RA,RA,50,0,0,Crescendo_FIRST_Mid-Atlantic_District_Championship_2024_raw_export.csv,1,2,3,5,0,5,1,9015,6,7,15,8
0,0,,0,0,1,,2024mrcmp,SF,SF,50,0,0,Crescendo_FIRST_Mid-Atlantic_District_Championship_2024_raw_export.csv,0,1,0,1,0,0,0,484,0,0,4,4
0,0,,0,1,1,Auton was 1 note but missed and then parks near middle,2024mrcmp,VC,VC,51,0,0,Crescendo_FIRST_Mid-Atlantic_District_Championship_2024_raw_export.csv,1,0,6,6,0,0,0,2495,12,2,17,15
0,3,,0,0,0,,2024mrcmp,TB,TB,51,0,0,Crescendo_FIRST_Mid-Atlantic_District_Championship_2024_raw_export.csv,1,0,4,4,0,15,1,4285,8,17,25,8
0,0,,0,0,1,,2024mrcmp,SF,SF,51,0,0,Crescendo_FIRST_Mid-Atlantic_District_Championship_2024_raw_export.csv,0,7,1,8,0,0,0,4361,2,0,12,12
0,1,,0,0,0,,2024mrcmp,LB,LB,51,0,0,Crescendo_FIRST_Mid-Atlantic_District_Championship_2024_raw_export.csv,0,0,2,2,0,5,0,4573,4,5,9,4
0,1,,0,0,1,"Auto went to center but didn't pick note up
Took so time intaking at times",2024mrcmp,Sb,SB,51,0,0,Crescendo_FIRST_Mid-Atlantic_District_Championship_2024_raw_export.csv,1,5,2,7,0,5,1,365,4,7,19,12
0,4,,0,1,1,Got note stuck under robot for part of the match but got it out in time to score notes in speaker,2024mrcmp,SM,SM,51,0,0,Crescendo_FIRST_Mid-Atlantic_District_Championship_2024_raw_export.csv,1,0,4,4,0,20,0,555,8,22,33,11
0,1,,0,0,0,Played defence at source;played clean but got in 1640s way,2024mrcmp,VC,VC,52,0,0,Crescendo_FIRST_Mid-Atlantic_District_Championship_2024_raw_export.csv,0,0,0,0,0,5,0,5992,0,5,5,0
0,3,,0,0,0,,2024mrcmp,SF,SF,52,0,0,Crescendo_FIRST_Mid-Atlantic_District_Championship_2024_raw_export.csv,1,5,3,8,0,15,0,1640,6,17,28,11
0,2,,1,0,0,"Likely scored  more I was distracted
Stopped working at the amp at one point
I missed it they got the climb",2024mrcmp,Sb,SB,52,0,0,Crescendo_FIRST_Mid-Atlantic_District_Championship_2024_raw_export.csv,1,6,3,9,0,10,0,1403,6,12,24,12
0,0,,1,0,0,"Missed their auto shot, died in field at 35 seconds left, struggled to shoot one of their notes into speaker",2024mrcmp,SM,SM,52,0,0,Crescendo_FIRST_Mid-Atlantic_District_Championship_2024_raw_export.csv,1,1,2,3,0,0,0,7414,4,2,7,5
0,1,,0,0,0,Lots of lobbing,2024mrcmp,TB,TB,52,1,0,Crescendo_FIRST_Mid-Atlantic_District_Championship_2024_raw_export.csv,1,0,0,0,0,5,1,1807,0,7,7,0
0,1,,0,0,0,"Didn't go to climb
May have scored a note or two more",2024mrcmp,Sb,SB,53,1,0,Crescendo_FIRST_Mid-Atlantic_District_Championship_2024_raw_export.csv,1,3,5,8,0,5,0,5684,10,7,20,13
0,4,,1,0,0,,2024mrcmp,LB,LB,53,0,0,Crescendo_FIRST_Mid-Atlantic_District_Championship_2024_raw_export.csv,0,0,1,1,0,20,0,293,2,20,22,2
0,1,,0,0,0,,2024mrcmp,TB,TB,53,0,0,Crescendo_FIRST_Mid-Atlantic_District_Championship_2024_raw_export.csv,0,2,5,7,0,5,0,3142,10,5,17,12
0,1,,0,0,0,,2024mrcmp,ME,ME,53,1,0,Crescendo_FIRST_Mid-Atlantic_District_Championship_2024_raw_export.csv,1,0,4,4,0,5,1,3637,8,7,15,8
0,4,,0,0,1,,2024mrcmp,MI,MI,53,0,1,Crescendo_FIRST_Mid-Atlantic_District_Championship_2024_raw_export.csv,1,2,3,5,0,20,1,1676,6,22,38,16
0,1,,0,0,0,Missed most speaker shots,2024mrcmp,SG,SG,53,0,0,Crescendo_FIRST_Mid-Atlantic_District_Championship_2024_raw_export.csv,0,2,1,3,0,5,0,2191,2,5,9,4
0,3,,0,0,0,,2024mrcmp,MI,MI,54,0,0,Crescendo_FIRST_Mid-Atlantic_District_Championship_2024_raw_export.csv,1,3,3,6,0,15,0,2607,6,17,26,9
0,1,,0,0,1,Lobster,2024mrcmp,TB,TB,54,1,0,Crescendo_FIRST_Mid-Atlantic_District_Championship_2024_raw_export.csv,1,0,2,2,0,5,1,714,4,7,14,7
0,1,,0,0,0,,2024mrcmp,ME,ME,54,1,0,Crescendo_FIRST_Mid-Atlantic_District_Championship_2024_raw_export.csv,1,0,4,4,0,5,0,1279,8,7,15,8
0,2,,0,1,1,"Lost track of the number of notes in auto
Amp kept not working",2024mrcmp,Sb,SB,54,1,0,Crescendo_FIRST_Mid-Atlantic_District_Championship_2024_raw_export.csv,1,1,7,8,0,10,0,341,14,12,30,18
0,0,,0,0,1,"Short on speaker shots, no auton",2024mrcmp,SG,SG,54,0,0,Crescendo_FIRST_Mid-Atlantic_District_Championship_2024_raw_export.csv,1,0,2,2,0,0,1,9027,4,2,9,7
0,1,,0,0,0,Hit by another robot while trying to climb,2024mrcmp,SG,SG,55,0,0,Crescendo_FIRST_Mid-Atlantic_District_Championship_2024_raw_export.csv,0,4,0,4,0,5,0,102,0,5,9,4
0,0,,0,0,0,,2024mrcmp,ME,ME,55,0,0,Crescendo_FIRST_Mid-Atlantic_District_Championship_2024_raw_export.csv,1,0,2,2,0,0,0,7110,4,2,6,4
0,1,,0,0,1,,2024mrcmp,MI,MI,55,0,0,Crescendo_FIRST_Mid-Atlantic_District_Championship_2024_raw_export.csv,0,3,5,8,0,5,0,1811,10,5,21,16
0,3,,0,0,0,"Got slowed by 7110 a good bit
Didn't get buddy climb with partner with seconds left",2024mrcmp,Sb,SB,55,0,0,Crescendo_FIRST_Mid-Atlantic_District_Championship_2024_raw_export.csv,1,4,1,5,0,15,0,4342,2,17,23,6
0,1,,0,0,1,,2024mrcmp,SG,SG,56,0,0,Crescendo_FIRST_Mid-Atlantic_District_Championship_2024_raw_export.csv,1,1,4,5,0,5,0,222,8,7,19,12
0,3,,0,0,0,4 piece was stolen from them by allied auto. Amazing work team work helped them score 12 notes but looks like no climb.,2024mrcmp,RA,RA,56,0,0,Crescendo_FIRST_Mid-Atlantic_District_Championship_2024_raw_export.csv,0,3,7,10,0,15,0,427,14,15,32,17
0,1,,0,0,1,,2024mrcmp,ME,ME,56,1,0,Crescendo_FIRST_Mid-Atlantic_District_Championship_2024_raw_export.csv,1,0,1,1,0,5,0,7045,2,7,12,5
0,0,,0,0,0,Shooter broke,2024mrcmp,TB,TB,56,0,0,Crescendo_FIRST_Mid-Atlantic_District_Championship_2024_raw_export.csv,0,0,0,0,0,0,0,11,0,0,0,0
0,0,,0,0,1,"played vary good defense
Left community auto",2024mrcmp,Sb,SB,56,0,0,Crescendo_FIRST_Mid-Atlantic_District_Championship_2024_raw_export.csv,1,0,0,0,0,0,0,321,0,2,5,3
0,2,,0,0,1,,2024mrcmp,MI,MI,56,0,0,Crescendo_FIRST_Mid-Atlantic_District_Championship_2024_raw_export.csv,1,4,6,10,0,10,0,9094,12,12,31,19
0,3,,0,0,0,"I believe their partners interfered with auto 
I was distracted probably scored more",2024mrcmp,Sb,SB,57,0,0,Crescendo_FIRST_Mid-Atlantic_District_Championship_2024_raw_export.csv,1,2,4,6,0,15,0,223,8,17,27,10
0,1,,1,0,0,,2024mrcmp,AV,AV,57,0,0,Crescendo_FIRST_Mid-Atlantic_District_Championship_2024_raw_export.csv,1,0,0,0,0,5,0,1257,0,7,7,0
0,2,,0,0,0,,2024mrcmp,SJ,SJ,57,0,0,Crescendo_FIRST_Mid-Atlantic_District_Championship_2024_raw_export.csv,1,4,5,9,0,10,0,1168,10,12,26,14
0,2,,0,0,0,"Got tied up by blue feeder, was watching lunatecs to pay attention to 2720",2024mrcmp,TB,TB,57,0,0,Crescendo_FIRST_Mid-Atlantic_District_Championship_2024_raw_export.csv,0,0,0,0,0,10,0,2720,0,10,10,0
0,1,,0,0,0,Stolen from by 316! what happened chat.,2024mrcmp,RA,RA,57,0,0,Crescendo_FIRST_Mid-Atlantic_District_Championship_2024_raw_export.csv,1,0,2,2,0,5,1,103,4,7,11,4
0,3,,0,0,0,,2024mrcmp,CJ,CJ,57,1,0,Crescendo_FIRST_Mid-Atlantic_District_Championship_2024_raw_export.csv,1,1,6,7,0,15,1,316,12,17,30,13
0,0,,0,0,1,,2024mrcmp,AD,AD,58,1,0,Crescendo_FIRST_Mid-Atlantic_District_Championship_2024_raw_export.csv,1,1,6,7,0,0,0,56,12,2,18,16
0,1,,0,1,1,,2024mrcmp,SJ,SJ,58,1,0,Crescendo_FIRST_Mid-Atlantic_District_Championship_2024_raw_export.csv,1,0,4,4,0,5,0,75,8,7,18,11
0,1,,0,0,1,Sister's was able to trap and did generally good scoring didn't miss at all.,2024mrcmp,LB,LB,58,0,1,Crescendo_FIRST_Mid-Atlantic_District_Championship_2024_raw_export.csv,0,3,2,5,0,5,0,8513,4,5,20,15
0,4,,0,1,1,,2024mrcmp,AV,AV,58,1,0,Crescendo_FIRST_Mid-Atlantic_District_Championship_2024_raw_export.csv,1,0,4,4,0,20,1,1391,8,22,33,11
0,3,,0,0,0,Attempted crime,2024mrcmp,CJ,CJ,58,0,0,Crescendo_FIRST_Mid-Atlantic_District_Championship_2024_raw_export.csv,0,1,5,6,0,15,0,2722,10,15,26,11
0,0,,1,0,1,Was disabled for half of the match. Played passing me defense after that,2024mrcmp,SJ,SJ,59,0,0,Crescendo_FIRST_Mid-Atlantic_District_Championship_2024_raw_export.csv,0,0,0,0,0,0,0,2539,0,0,3,3
0,1,,0,0,1,,2024mrcmp,LB,LB,59,0,1,Crescendo_FIRST_Mid-Atlantic_District_Championship_2024_raw_export.csv,1,0,5,5,0,5,1,2590,10,7,25,18
0,5,,0,0,0,,2024mrcmp,AD,AD,59,1,0,Crescendo_FIRST_Mid-Atlantic_District_Championship_2024_raw_export.csv,1,5,6,11,0,25,0,5895,12,27,44,17
0,0,,0,0,1,,2024mrcmp,CJ,CJ,59,0,0,Crescendo_FIRST_Mid-Atlantic_District_Championship_2024_raw_export.csv,0,0,0,0,0,0,1,6226,0,0,3,3
0,0,,0,0,1,,2024mrcmp,AV,AV,59,0,0,Crescendo_FIRST_Mid-Atlantic_District_Championship_2024_raw_export.csv,1,4,2,6,0,0,0,1923,4,2,13,11
0,1,,0,0,1,Playing as a defence bot and scoring in free time. Very good defence bot. Shooter broke. Very quick climb.,2024mrcmp,RA,RA,59,0,0,Crescendo_FIRST_Mid-Atlantic_District_Championship_2024_raw_export.csv,0,0,1,1,0,5,0,484,2,5,10,5
0,3,,0,0,1,Attempted to buddy climb decided they couldn't and pivoted rapidly. Extremely fast climb.,2024mrcmp,RA,RA,60,0,0,Crescendo_FIRST_Mid-Atlantic_District_Championship_2024_raw_export.csv,1,1,4,5,0,15,0,6921,8,17,29,12
0,0,,0,0,0,Shooter not working and climber likely not working,2024mrcmp,CJ,CJ,60,0,0,Crescendo_FIRST_Mid-Atlantic_District_Championship_2024_raw_export.csv,0,0,0,0,0,0,0,834,0,0,0,0
0,1,,0,0,1,,2024mrcmp,LB,LB,60,0,0,Crescendo_FIRST_Mid-Atlantic_District_Championship_2024_raw_export.csv,1,2,3,5,0,5,0,1218,6,7,18,11
0,2,,0,0,0,Missed shots frequently,2024mrcmp,,,60,1,0,Crescendo_FIRST_Mid-Atlantic_District_Championship_2024_raw_export.csv,1,1,5,6,0,10,0,0,10,12,23,11
0,1,,0,0,1,,2024mrcmp,AV,AV,60,1,1,Crescendo_FIRST_Mid-Atlantic_District_Championship_2024_raw_export.csv,0,4,4,8,0,5,0,272,8,5,25,20
0,1,,0,0,1,Auton tried to pick up from center but failed,2024mrcmp,VC,VC,61,0,0,Crescendo_FIRST_Mid-Atlantic_District_Championship_2024_raw_export.csv,1,2,6,8,0,5,0,5684,12,7,24,17
0,1,,0,1,1,,2024mrcmp,MI,MI,61,1,0,Crescendo_FIRST_Mid-Atlantic_District_Championship_2024_raw_export.csv,1,3,2,5,0,5,0,2495,4,7,17,10
0,4,,0,0,0,Jammed note played defense,2024mrcmp,CJ,CJ,61,0,0,Crescendo_FIRST_Mid-Atlantic_District_Championship_2024_raw_export.csv,0,1,0,1,0,20,1,1640,0,20,21,1
0,3,,0,0,0,,2024mrcmp,DJ,DJ,61,0,0,Crescendo_FIRST_Mid-Atlantic_District_Championship_2024_raw_export.csv,0,0,4,4,0,15,0,7414,8,15,23,8
0,1,,0,1,1,"Ran one note auto
Probably scored one more note in speaker",2024mrcmp,Sb,SB,61,0,0,Crescendo_FIRST_Mid-Atlantic_District_Championship_2024_raw_export.csv,0,0,7,7,0,5,0,5181,14,5,22,17
0,1,,0,1,1,Tried to grab from center. Shooter is slow and inconsistent.,2024mrcmp,RA,RA,61,0,0,Crescendo_FIRST_Mid-Atlantic_District_Championship_2024_raw_export.csv,1,0,2,2,0,5,0,555,4,7,14,7
0,3,,0,1,1,shot from the center line twice only missed one. Using there range to lib rounds very fast. Very very fast rotation they scored low because they ferried instead for the beginning of the matvh.,2024mrcmp,RA,RA,62,1,0,Crescendo_FIRST_Mid-Atlantic_District_Championship_2024_raw_export.csv,1,0,5,5,0,15,1,2607,10,17,30,13
0,1,,0,0,0,,2024mrcmp,MI,MI,62,0,0,Crescendo_FIRST_Mid-Atlantic_District_Championship_2024_raw_export.csv,0,7,4,11,0,5,0,3142,8,5,20,15
0,0,,0,0,1,Really well during teleop however there auto didn't do anything,2024mrcmp,DJ,DJ,62,0,0,Crescendo_FIRST_Mid-Atlantic_District_Championship_2024_raw_export.csv,0,5,3,8,0,0,0,1403,6,0,14,14
0,2,,0,0,0,Fed most of the match,2024mrcmp,VC,VC,62,0,0,Crescendo_FIRST_Mid-Atlantic_District_Championship_2024_raw_export.csv,1,0,3,3,0,10,1,4285,6,12,18,6
0,1,,0,0,1,,2024mrcmp,CJ,CJ,62,0,0,Crescendo_FIRST_Mid-Atlantic_District_Championship_2024_raw_export.csv,0,0,4,4,0,5,0,4361,8,5,16,11
0,4,,0,1,1,Were going for center centerline note but 1403 auto interfered might have just collected the note though,2024mrcmp,Sb,SB,62,0,0,Crescendo_FIRST_Mid-Atlantic_District_Championship_2024_raw_export.csv,1,0,6,6,0,20,0,219,12,22,37,15
1,0,,0,0,1,Got penalized in auto as they shot a ring outside of the alliance zone,2024mrcmp,VC,VC,63,1,0,Crescendo_FIRST_Mid-Atlantic_District_Championship_2024_raw_export.csv,1,0,8,8,2,0,0,222,16,4,23,19
0,0,,0,0,0,"Missed seeing thier auto shot
Also May have had one more note in speaker in tele
Toword the end they were driving around the field and am not sure if they were trying to play defense or what",2024mrcmp,Sb,SB,63,0,0,Crescendo_FIRST_Mid-Atlantic_District_Championship_2024_raw_export.csv,1,0,3,3,0,0,0,7110,6,2,8,6
0,2,,0,0,0,Missed one speaker in auto. Inconsistent shooting.,2024mrcmp,RA,RA,63,0,0,Crescendo_FIRST_Mid-Atlantic_District_Championship_2024_raw_export.csv,1,0,6,6,0,10,0,1279,12,12,24,12
0,2,,0,0,0,,2024mrcmp,SF,SF,63,1,0,Crescendo_FIRST_Mid-Atlantic_District_Championship_2024_raw_export.csv,1,6,2,8,0,10,1,3637,4,12,22,10
0,1,,0,0,0,Mostly played defense,2024mrcmp,MI,MI,63,0,0,Crescendo_FIRST_Mid-Atlantic_District_Championship_2024_raw_export.csv,1,0,0,0,0,5,0,321,0,7,7,0
0,1,,0,0,0,It seems there intake broke during the match,2024mrcmp,DJ,DJ,63,0,0,Crescendo_FIRST_Mid-Atlantic_District_Championship_2024_raw_export.csv,0,2,0,2,0,5,0,2191,0,5,7,2
0,3,,0,0,0,"Begain the match by lobbing did not take when they started scoring but probably around 30-40seconds into tele
Probably scored one more note",2024mrcmp,Sb,SB,64,0,0,Crescendo_FIRST_Mid-Atlantic_District_Championship_2024_raw_export.csv,1,0,5,5,0,15,1,223,10,17,27,10
0,0,,1,0,0,Spent teleop disconnected or broken down,2024mrcmp,TB,TB,64,0,0,Crescendo_FIRST_Mid-Atlantic_District_Championship_2024_raw_export.csv,0,0,0,0,0,0,0,3314,0,0,0,0
0,0,,0,0,0,Tried to climb but failed,2024mrcmp,VC,VC,64,0,0,Crescendo_FIRST_Mid-Atlantic_District_Championship_2024_raw_export.csv,1,0,6,6,0,0,1,2720,12,2,14,12
0,1,,0,0,1,,2024mrcmp,MI,MI,64,0,0,Crescendo_FIRST_Mid-Atlantic_District_Championship_2024_raw_export.csv,1,3,3,6,0,5,0,9094,6,7,19,12
0,4,,0,0,1,,2024mrcmp,SF,SF,64,0,0,Crescendo_FIRST_Mid-Atlantic_District_Championship_2024_raw_export.csv,1,4,4,8,0,20,0,4342,8,22,37,15
0,2,,0,0,1,,2024mrcmp,AD,AD,64,0,0,Crescendo_FIRST_Mid-Atlantic_District_Championship_2024_raw_export.csv,1,0,6,6,0,10,0,9027,12,12,27,15
0,1,,1,0,0,Fell over,2024mrcmp,VC,VC,65,0,0,Crescendo_FIRST_Mid-Atlantic_District_Championship_2024_raw_export.csv,1,1,0,1,0,5,0,102,0,7,8,1
0,1,,0,0,0,,2024mrcmp,LB,LB,65,0,0,Crescendo_FIRST_Mid-Atlantic_District_Championship_2024_raw_export.csv,1,0,4,4,0,5,0,7045,8,7,15,8
0,1,,0,0,0,,2024mrcmp,ME,ME,65,1,0,Crescendo_FIRST_Mid-Atlantic_District_Championship_2024_raw_export.csv,1,0,6,6,0,5,0,714,12,7,19,12
0,0,,0,0,0,,2024mrcmp,SF,SF,65,0,0,Crescendo_FIRST_Mid-Atlantic_District_Championship_2024_raw_export.csv,1,0,8,8,0,0,1,1391,16,2,18,16
0,1,,0,0,1,,2024mrcmp,TB,TB,65,0,0,Crescendo_FIRST_Mid-Atlantic_District_Championship_2024_raw_export.csv,1,4,2,6,0,5,0,2722,4,7,18,11
0,2,,0,0,1,"Lobbed one note
Almost tipped when they stopped
Their robot get over top of an opponents bumpers briefly
Played some somewhat ok defense",2024mrcmp,Sb,SB,65,0,0,Crescendo_FIRST_Mid-Atlantic_District_Championship_2024_raw_export.csv,1,0,5,5,0,10,1,1811,10,12,25,13
0,0,,0,0,0,Missed Auton preloaded and then played defense at source,2024mrcmp,VC,VC,66,0,0,Crescendo_FIRST_Mid-Atlantic_District_Championship_2024_raw_export.csv,0,1,0,1,0,0,0,1257,0,0,1,1
0,0,,1,0,0,"Amp only robot are ok
Climber appeared to have broken during the match but still climbed",2024mrcmp,Sb,SB,66,0,0,Crescendo_FIRST_Mid-Atlantic_District_Championship_2024_raw_export.csv,0,4,0,4,0,0,0,11,0,0,4,4
0,1,,0,1,1,,2024mrcmp,ME,ME,66,1,0,Crescendo_FIRST_Mid-Atlantic_District_Championship_2024_raw_export.csv,1,0,1,1,0,5,1,75,2,7,12,5
0,4,,0,1,1,,2024mrcmp,LB,LB,66,0,0,Crescendo_FIRST_Mid-Atlantic_District_Championship_2024_raw_export.csv,0,0,4,4,0,20,0,5401,8,20,31,11
0,4,,0,1,1,,2024mrcmp,SF,SF,66,1,0,Crescendo_FIRST_Mid-Atlantic_District_Championship_2024_raw_export.csv,1,4,2,6,0,20,0,341,4,22,33,11
0,3,,0,1,1,,2024mrcmp,TB,TB,66,1,0,Crescendo_FIRST_Mid-Atlantic_District_Championship_2024_raw_export.csv,1,3,4,7,0,15,1,5895,8,17,31,14
0,3,,0,0,0,,2024mrcmp,MI,MI,67,0,0,Crescendo_FIRST_Mid-Atlantic_District_Championship_2024_raw_export.csv,1,0,3,3,0,15,0,56,6,17,23,6
0,1,,0,0,0,,2024mrcmp,SG,SG,67,0,0,Crescendo_FIRST_Mid-Atlantic_District_Championship_2024_raw_export.csv,1,4,3,7,0,5,0,427,6,7,17,10
0,4,,0,0,1,,2024mrcmp,LB,LB,67,0,1,Crescendo_FIRST_Mid-Atlantic_District_Championship_2024_raw_export.csv,1,0,3,3,0,20,1,2590,6,22,36,14
0,0,,0,0,1,,2024mrcmp,ME,ME,67,0,0,Crescendo_FIRST_Mid-Atlantic_District_Championship_2024_raw_export.csv,1,0,0,0,0,0,0,272,0,2,5,3
0,2,,0,1,1,,2024mrcmp,TB,TB,67,1,0,Crescendo_FIRST_Mid-Atlantic_District_Championship_2024_raw_export.csv,1,3,3,6,0,10,1,1807,6,12,24,12
0,3,,0,0,1,,2024mrcmp,AO,AO,67,1,0,Crescendo_FIRST_Mid-Atlantic_District_Championship_2024_raw_export.csv,1,4,4,8,0,15,0,316,8,17,32,15
0,3,,0,0,1,,2024mrcmp,TB,TB,68,0,0,Crescendo_FIRST_Mid-Atlantic_District_Championship_2024_raw_export.csv,1,4,3,7,0,15,0,6921,6,17,30,13
0,1,,0,0,1,,2024mrcmp,AO,AO,68,0,0,Crescendo_FIRST_Mid-Atlantic_District_Championship_2024_raw_export.csv,0,0,3,3,0,5,0,834,6,5,14,9
1,0,,0,0,1,,2024mrcmp,SG,SG,68,0,0,Crescendo_FIRST_Mid-Atlantic_District_Championship_2024_raw_export.csv,1,4,0,4,2,0,0,6226,0,4,11,7
0,2,,0,1,1,,2024mrcmp,MI,MI,68,0,0,Crescendo_FIRST_Mid-Atlantic_District_Championship_2024_raw_export.csv,1,0,7,7,0,10,0,4573,14,12,29,17
0,1,,0,0,1,,2024mrcmp,LB,LB,68,1,0,Crescendo_FIRST_Mid-Atlantic_District_Championship_2024_raw_export.csv,1,1,1,2,0,5,1,103,2,7,13,6
0,0,,0,0,1,,2024mrcmp,ME,ME,68,0,0,Crescendo_FIRST_Mid-Atlantic_District_Championship_2024_raw_export.csv,0,0,0,0,0,0,0,484,0,0,3,3
0,1,,0,0,1,,2024mrcmp,LB,LB,69,1,0,Crescendo_FIRST_Mid-Atlantic_District_Championship_2024_raw_export.csv,1,1,6,7,0,5,0,1089,12,7,23,16
0,3,,0,0,1,,2024mrcmp,AO,AO,69,0,1,Crescendo_FIRST_Mid-Atlantic_District_Championship_2024_raw_export.csv,0,2,3,5,0,15,0,1676,6,15,31,16
0,0,,0,0,1,,2024mrcmp,TB,TB,69,0,0,Crescendo_FIRST_Mid-Atlantic_District_Championship_2024_raw_export.csv,0,4,3,7,0,0,0,365,6,0,13,13
0,3,,0,0,0,"Didn't have time to climb, overall good shooting",2024mrcmp,VC,VC,69,0,0,Crescendo_FIRST_Mid-Atlantic_District_Championship_2024_raw_export.csv,1,5,7,12,0,15,0,1923,14,17,36,19
0,1,,0,0,0,Played passing for the whole match. Accidentally shot few notes out of the arena,2024mrcmp,SJ,SJ,69,0,0,Crescendo_FIRST_Mid-Atlantic_District_Championship_2024_raw_export.csv,0,0,1,1,0,5,0,9015,2,5,7,2
0,0,,0,0,1,Played defense near source whole match,2024mrcmp,CJ,CJ,69,0,0,Crescendo_FIRST_Mid-Atlantic_District_Championship_2024_raw_export.csv,1,0,0,0,0,0,0,5438,0,2,5,3
0,0,,0,0,0,,2024mrcmp,AO,AO,70,0,0,Crescendo_FIRST_Mid-Atlantic_District_Championship_2024_raw_export.csv,0,3,3,6,0,0,0,5992,6,0,9,9
0,2,,0,0,1,Really good at shuttling,2024mrcmp,CJ,CJ,70,1,1,Crescendo_FIRST_Mid-Atlantic_District_Championship_2024_raw_export.csv,1,0,3,3,0,10,1,2539,6,12,26,14
0,2,,0,0,0,,2024mrcmp,TB,TB,70,1,0,Crescendo_FIRST_Mid-Atlantic_District_Championship_2024_raw_export.csv,1,1,2,3,0,10,1,1168,4,12,17,5
0,2,,0,0,0,,2024mrcmp,LB,LB,70,0,0,Crescendo_FIRST_Mid-Atlantic_District_Championship_2024_raw_export.csv,0,0,5,5,0,10,0,293,10,10,20,10
0,2,,0,0,1,,2024mrcmp,SJ,SJ,70,1,0,Crescendo_FIRST_Mid-Atlantic_District_Championship_2024_raw_export.csv,1,0,5,5,0,10,0,1218,10,12,25,13
0,0,,0,0,1,,2024mrcmp,AV,AV,70,0,1,Crescendo_FIRST_Mid-Atlantic_District_Championship_2024_raw_export.csv,1,7,5,12,0,0,0,8513,10,2,27,25
0,0,,0,1,1,Arm didn't seem to work during auton,2024mrcmp,AV,AV,71,1,0,Crescendo_FIRST_Mid-Atlantic_District_Championship_2024_raw_export.csv,1,7,4,11,0,0,0,222,8,2,20,18
0,1,,0,0,0,,2024mrcmp,LB,LB,71,0,0,Crescendo_FIRST_Mid-Atlantic_District_Championship_2024_raw_export.csv,0,0,3,3,0,5,1,3142,6,5,11,6
0,1,,0,1,1,,2024mrcmp,SJ,SJ,71,0,0,Crescendo_FIRST_Mid-Atlantic_District_Championship_2024_raw_export.csv,0,0,7,7,0,5,0,1279,14,5,22,17
0,2,,0,0,0,,2024mrcmp,CJ,CJ,71,0,0,Crescendo_FIRST_Mid-Atlantic_District_Championship_2024_raw_export.csv,1,0,3,3,0,10,1,2720,6,12,18,6
0,4,,0,0,0,,2024mrcmp,AO,AO,71,0,0,Crescendo_FIRST_Mid-Atlantic_District_Championship_2024_raw_export.csv,0,0,6,6,0,20,0,7414,12,20,32,12
0,1,,0,0,0,,2024mrcmp,TB,TB,71,0,0,Crescendo_FIRST_Mid-Atlantic_District_Championship_2024_raw_export.csv,1,6,2,8,0,5,0,9094,4,7,17,10
0,1,,0,0,0,,2024mrcmp,TB,TB,72,0,0,Crescendo_FIRST_Mid-Atlantic_District_Championship_2024_raw_export.csv,0,4,4,8,0,5,0,2495,8,5,17,12
0,0,,0,0,0,,2024mrcmp,AO,AO,72,0,0,Crescendo_FIRST_Mid-Atlantic_District_Championship_2024_raw_export.csv,1,0,1,1,0,0,0,7110,2,2,4,2
0,5,,0,0,1,spent most of the time passing,2024mrcmp,SJ,SJ,72,1,0,Crescendo_FIRST_Mid-Atlantic_District_Championship_2024_raw_export.csv,1,0,4,4,0,25,0,1391,8,27,38,11
0,4,,0,0,0,,2024mrcmp,LB,LB,72,0,0,Crescendo_FIRST_Mid-Atlantic_District_Championship_2024_raw_export.csv,0,0,2,2,0,20,1,4285,4,20,24,4
0,2,,0,1,1,,2024mrcmp,AV,AV,72,0,0,Crescendo_FIRST_Mid-Atlantic_District_Championship_2024_raw_export.csv,1,0,10,10,0,10,0,5181,20,12,35,23
0,0,,0,1,1,,2024mrcmp,CJ,CJ,72,0,0,Crescendo_FIRST_Mid-Atlantic_District_Championship_2024_raw_export.csv,0,4,1,5,0,0,0,2191,2,0,9,9
0,1,,0,0,1,,2024mrcmp,LB,LB,73,0,0,Crescendo_FIRST_Mid-Atlantic_District_Championship_2024_raw_export.csv,0,2,5,7,0,5,0,5684,10,5,20,15
0,1,,0,0,1,,2024mrcmp,AO,AO,73,0,1,Crescendo_FIRST_Mid-Atlantic_District_Championship_2024_raw_export.csv,0,3,2,5,0,5,0,3314,4,5,20,15
0,0,,0,0,0,Amp only bot,2024mrcmp,VC,VC,73,0,0,Crescendo_FIRST_Mid-Atlantic_District_Championship_2024_raw_export.csv,0,2,0,2,0,0,0,11,0,0,2,2
0,4,,0,0,0,,2024mrcmp,TB,TB,73,0,0,Crescendo_FIRST_Mid-Atlantic_District_Championship_2024_raw_export.csv,1,0,6,6,0,20,0,5401,12,22,34,12
0,1,,0,0,1,,2024mrcmp,SF,SF,73,0,0,Crescendo_FIRST_Mid-Atlantic_District_Championship_2024_raw_export.csv,1,4,4,8,0,5,0,4361,8,7,22,15
0,3,,0,0,1,Seemed a bit slow with driving across field,2024mrcmp,SM,SM,73,0,0,Crescendo_FIRST_Mid-Atlantic_District_Championship_2024_raw_export.csv,1,0,2,2,0,15,1,1811,4,17,24,7
0,1,,0,0,0,,2024mrcmp,SF,SF,74,0,0,Crescendo_FIRST_Mid-Atlantic_District_Championship_2024_raw_export.csv,1,0,1,1,0,5,1,1257,2,7,9,2
0,1,,0,0,1,Driving was slow and missed most of attempted speaker shots,2024mrcmp,SM,SM,74,0,0,Crescendo_FIRST_Mid-Atlantic_District_Championship_2024_raw_export.csv,0,0,1,1,0,5,1,7045,2,5,10,5
0,0,,0,0,0,,2024mrcmp,LB,LB,74,0,0,Crescendo_FIRST_Mid-Atlantic_District_Championship_2024_raw_export.csv,1,5,2,7,0,0,0,272,4,2,11,9
0,3,,0,0,0,Was Fed to the whole room time,2024mrcmp,VC,VC,74,0,0,Crescendo_FIRST_Mid-Atlantic_District_Championship_2024_raw_export.csv,1,8,4,12,0,15,0,1403,8,17,33,16
0,3,,0,0,0,,2024mrcmp,AO,AO,74,0,0,Crescendo_FIRST_Mid-Atlantic_District_Championship_2024_raw_export.csv,0,0,3,3,0,15,1,555,6,15,21,6
0,1,,0,0,1,,2024mrcmp,TB,TB,74,0,0,Crescendo_FIRST_Mid-Atlantic_District_Championship_2024_raw_export.csv,1,0,5,5,0,5,0,9027,10,7,20,13
0,3,,0,1,1,,2024mrcmp,VC,VC,75,0,0,Crescendo_FIRST_Mid-Atlantic_District_Championship_2024_raw_export.csv,1,1,6,7,0,15,0,223,12,17,33,16
0,1,,0,0,1,Quick rotation and consistent scoring they scored open because of lobbing.,2024mrcmp,RA,RA,75,0,0,Crescendo_FIRST_Mid-Atlantic_District_Championship_2024_raw_export.csv,1,0,3,3,0,5,1,75,6,7,16,9
0,3,,0,0,1,,2024mrcmp,TB,TB,75,1,0,Crescendo_FIRST_Mid-Atlantic_District_Championship_2024_raw_export.csv,0,3,0,3,0,15,0,834,0,15,21,6
0,1,,0,0,1,Shot a good amount of notes to speaker from source for alliance then got a note stuck near the last 30 seconds,2024mrcmp,SM,SM,75,0,0,Crescendo_FIRST_Mid-Atlantic_District_Championship_2024_raw_export.csv,1,0,1,1,0,5,1,3637,2,7,12,5
0,1,,0,0,0,"Auto stoped before the centerline
Took a bit to intake and got a note stuck in thier bot
Played with pretty good defense
Didn't get the last second buddy or single climb",2024mrcmp,Sb,SB,75,0,0,Crescendo_FIRST_Mid-Atlantic_District_Championship_2024_raw_export.csv,1,0,0,0,0,5,0,321,0,7,7,0
2,0,,0,1,1,,2024mrcmp,SF,SF,75,1,0,Crescendo_FIRST_Mid-Atlantic_District_Championship_2024_raw_export.csv,1,6,4,10,4,0,1,1807,8,6,23,17
0,1,,0,1,1,,2024mrcmp,TB,TB,76,0,0,Crescendo_FIRST_Mid-Atlantic_District_Championship_2024_raw_export.csv,1,0,6,6,0,5,0,56,12,7,22,15
0,4,,0,0,1,,2024mrcmp,VC,VC,76,0,0,Crescendo_FIRST_Mid-Atlantic_District_Championship_2024_raw_export.csv,1,5,3,8,0,20,0,1640,6,22,36,14
0,0,,0,0,1,"Missed their auto shots,but quick cycles",2024mrcmp,SM,SM,76,0,0,Crescendo_FIRST_Mid-Atlantic_District_Championship_2024_raw_export.csv,1,0,9,9,0,0,0,4573,18,2,23,21
0,0,,0,0,1,Might have missed some notes,2024mrcmp,Sb,SB,76,0,0,Crescendo_FIRST_Mid-Atlantic_District_Championship_2024_raw_export.csv,0,2,2,4,0,0,0,9015,4,0,9,9
0,1,Speaker Right,1,0,0,,2024mrcmp,SF,SF,76,0,0,Crescendo_FIRST_Mid-Atlantic_District_Championship_2024_raw_export.csv,1,1,1,2,0,5,0,5438,2,7,10,3
0,3,Speaker Center,0,0,0,,2024mrcmp,TB,TB,77,0,0,Crescendo_FIRST_Mid-Atlantic_District_Championship_2024_raw_export.csv,1,4,2,6,0,15,0,427,4,17,25,8
0,1,Speaker Left,0,0,1,Good consistent shooting no misses. Takes a second to get into the amp. Intooter,2024mrcmp,RA,RA,77,1,0,Crescendo_FIRST_Mid-Atlantic_District_Championship_2024_raw_export.csv,1,2,6,8,0,5,0,1089,12,7,24,17
0,0,Speaker Right,0,0,1,,2024mrcmp,ME,ME,77,0,0,Crescendo_FIRST_Mid-Atlantic_District_Championship_2024_raw_export.csv,0,0,2,2,0,0,0,6921,4,0,7,7
0,1,Speaker Left,0,0,0,Consistent and efficient shooting,2024mrcmp,SG,SG,77,0,0,Crescendo_FIRST_Mid-Atlantic_District_Championship_2024_raw_export.csv,0,3,2,5,0,5,0,8513,4,5,12,7
0,3,Speaker Center,0,0,1,,2024mrcmp,MI,MI,77,0,0,Crescendo_FIRST_Mid-Atlantic_District_Championship_2024_raw_export.csv,1,3,0,3,0,15,1,365,0,17,23,6
0,2,Speaker Right,0,0,0,,2024mrcmp,MI,MI,78,1,0,Crescendo_FIRST_Mid-Atlantic_District_Championship_2024_raw_export.csv,1,2,2,4,0,10,1,2607,4,12,18,6
0,4,Speaker Center,0,0,0,,2024mrcmp,TB,TB,78,0,0,Crescendo_FIRST_Mid-Atlantic_District_Championship_2024_raw_export.csv,1,1,1,2,0,20,1,1168,2,22,25,3
1,0,Speaker Right,0,1,1,Didn't lob cause no shooter but they did ferry. Tank drive. Low points because lots of ferrying,2024mrcmp,RA,RA,78,0,0,Crescendo_FIRST_Mid-Atlantic_District_Championship_2024_raw_export.csv,1,3,0,3,2,0,0,6226,0,4,10,6
0,0,Speaker Left,0,0,1,,2024mrcmp,ME,ME,78,0,0,Crescendo_FIRST_Mid-Atlantic_District_Championship_2024_raw_export.csv,0,0,3,3,0,0,0,1923,6,0,9,9
0,4,Speaker Center,0,0,1,Played good but halfway was damaged by stage and played defense the rest of match,2024mrcmp,SG,SG,78,0,0,Crescendo_FIRST_Mid-Atlantic_District_Championship_2024_raw_export.csv,1,0,3,3,0,20,0,4342,6,22,31,9
0,1,Speaker Left,0,0,1,Missed a few shots.,2024mrcmp,RA,RA,79,1,1,Crescendo_FIRST_Mid-Atlantic_District_Championship_2024_raw_export.csv,1,0,3,3,0,5,0,2590,6,7,21,14
0,3,Speaker Left,0,0,1,,2024mrcmp,,,79,1,0,Crescendo_FIRST_Mid-Atlantic_District_Championship_2024_raw_export.csv,1,3,4,7,0,15,0,1218,8,17,31,14
0,2,Speaker Right,0,0,0,Tried but missed climb,2024mrcmp,SG,SG,79,1,0,Crescendo_FIRST_Mid-Atlantic_District_Championship_2024_raw_export.csv,1,4,4,8,0,10,0,5895,8,12,24,12
0,2,Speaker Center,0,0,0,,2024mrcmp,ME,ME,79,1,1,Crescendo_FIRST_Mid-Atlantic_District_Championship_2024_raw_export.csv,1,0,4,4,0,10,1,1676,8,12,25,13
0,1,Speaker Right,0,0,0,,2024mrcmp,MI,MI,79,0,0,Crescendo_FIRST_Mid-Atlantic_District_Championship_2024_raw_export.csv,1,0,1,1,0,5,0,219,2,7,9,2
0,2,Speaker Left,0,0,0,"I believe they could have picked a note from the centerline had it not been taken
I was a bit distracted",2024mrcmp,Sb,SB,80,0,0,Crescendo_FIRST_Mid-Atlantic_District_Championship_2024_raw_export.csv,1,1,2,3,0,10,1,102,4,12,17,5
0,1,Speaker Right,0,0,0,Tried to grab from center line. They spent a massive amount of time lobing and not scoring. Failed to climb but looks like they can given time.,2024mrcmp,RA,RA,80,0,0,Crescendo_FIRST_Mid-Atlantic_District_Championship_2024_raw_export.csv,1,0,2,2,0,5,1,2539,4,7,11,4
0,1,Speaker Right,0,0,1,,2024mrcmp,ME,ME,80,0,0,Crescendo_FIRST_Mid-Atlantic_District_Championship_2024_raw_export.csv,0,0,3,3,0,5,0,714,6,5,14,9
0,1,Speaker Center,0,0,0,Was distracted by lunatecs,2024mrcmp,TB,TB,80,0,0,Crescendo_FIRST_Mid-Atlantic_District_Championship_2024_raw_export.csv,0,1,0,1,0,5,0,293,0,5,6,1
0,4,Speaker Center,0,1,1,,2024mrcmp,MI,MI,80,1,0,Crescendo_FIRST_Mid-Atlantic_District_Championship_2024_raw_export.csv,1,0,5,5,0,20,1,103,10,22,35,13
0,2,Speaker Right,0,1,1,,2024mrcmp,SG,SG,80,1,0,Crescendo_FIRST_Mid-Atlantic_District_Championship_2024_raw_export.csv,1,5,7,12,0,10,0,316,14,12,34,22
0,2,Speaker Left,1,0,0,"Hit and broke down near stage,took a foul",2024mrcmp,CJ,CJ,81,0,0,Crescendo_FIRST_Mid-Atlantic_District_Championship_2024_raw_export.csv,0,3,2,5,0,10,0,5684,4,10,17,7
0,1,Speaker Right,0,0,1,Was not able to shoot very well also had ring stuck in robot for 15 seconds ish,2024mrcmp,SJ,SJ,81,0,0,Crescendo_FIRST_Mid-Atlantic_District_Championship_2024_raw_export.csv,1,0,2,2,0,5,0,7045,4,7,14,7
0,0,Speaker Left,0,0,0,Missed several speaker shots. Trying to be a defence bot but did poorly.,2024mrcmp,RA,RA,81,0,0,Crescendo_FIRST_Mid-Atlantic_District_Championship_2024_raw_export.csv,1,0,1,1,0,0,0,7110,2,2,4,2
0,1,Speaker Left,0,0,1,,2024mrcmp,TB,TB,81,0,1,Crescendo_FIRST_Mid-Atlantic_District_Championship_2024_raw_export.csv,0,4,2,6,0,5,0,272,4,5,21,16
0,2,Speaker Center,0,0,0,"Four note auto messed up
May have scored one more note 
Messed up climb
Lobbed like two or three notes",2024mrcmp,Sb,SB,81,0,0,Crescendo_FIRST_Mid-Atlantic_District_Championship_2024_raw_export.csv,1,3,5,8,0,10,1,1403,10,12,25,13
1,1,Speaker Left,0,0,0,,2024mrcmp,TB,TB,82,1,0,Crescendo_FIRST_Mid-Atlantic_District_Championship_2024_raw_export.csv,1,4,1,5,2,5,1,222,2,9,15,6
0,1,Speaker Left,0,1,1,,2024mrcmp,SJ,SJ,82,0,0,Crescendo_FIRST_Mid-Atlantic_District_Championship_2024_raw_export.csv,1,1,4,5,0,5,0,223,8,7,19,12
0,0,Speaker Left,0,0,0,,2024mrcmp,CJ,CJ,82,0,0,Crescendo_FIRST_Mid-Atlantic_District_Championship_2024_raw_export.csv,0,0,0,0,0,0,0,5401,0,0,0,0
0,3,Speaker Center,0,0,0,Good shooting but slow to rotate.,2024mrcmp,RA,RA,82,0,0,Crescendo_FIRST_Mid-Atlantic_District_Championship_2024_raw_export.csv,1,0,6,6,0,15,1,7414,12,17,29,12
0,1,Speaker Left,0,0,1,Was a little slow when picking up and placing in amp,2024mrcmp,VC,VC,82,0,0,Crescendo_FIRST_Mid-Atlantic_District_Championship_2024_raw_export.csv,1,4,1,5,0,5,0,555,2,7,16,9
0,0,Speaker Left,0,0,1,"Stayed in place in auto
Note fell out of their intake \shooter into bot for time 
Played defence",2024mrcmp,Sb,SB,82,0,0,Crescendo_FIRST_Mid-Atlantic_District_Championship_2024_raw_export.csv,0,1,1,2,0,0,0,2191,2,0,6,6
0,0,Speaker Right,0,1,1,,2024mrcmp,SJ,SJ,83,0,0,Crescendo_FIRST_Mid-Atlantic_District_Championship_2024_raw_export.csv,1,4,1,5,0,0,0,2495,2,2,11,9
0,1,Speaker Right,0,0,0,,2024mrcmp,TB,TB,83,0,0,Crescendo_FIRST_Mid-Atlantic_District_Championship_2024_raw_export.csv,1,0,4,4,0,5,1,75,8,7,15,8
0,3,Speaker Center,0,0,1,,2024mrcmp,AV,AV,83,0,0,Crescendo_FIRST_Mid-Atlantic_District_Championship_2024_raw_export.csv,1,0,4,4,0,15,0,834,8,17,28,11
0,2,Speaker Right,0,1,1,,2024mrcmp,CJ,CJ,83,0,0,Crescendo_FIRST_Mid-Atlantic_District_Championship_2024_raw_export.csv,0,0,7,7,0,10,0,1279,14,10,27,17
0,3,Speaker Center,0,0,0,,2024mrcmp,LB,LB,83,0,0,Crescendo_FIRST_Mid-Atlantic_District_Championship_2024_raw_export.csv,0,4,1,5,0,15,1,9015,2,15,21,6
0,2,Speaker Left,0,0,1,,2024mrcmp,CJ,CJ,84,1,0,Crescendo_FIRST_Mid-Atlantic_District_Championship_2024_raw_export.csv,1,4,2,6,0,10,0,6921,4,12,23,11
0,1,Speaker Left,0,0,1,Lobster,2024mrcmp,TB,TB,84,1,0,Crescendo_FIRST_Mid-Atlantic_District_Championship_2024_raw_export.csv,1,0,0,0,0,5,1,1391,0,7,10,3
0,1,Speaker Left,0,0,0,,2024mrcmp,AV,AV,84,0,0,Crescendo_FIRST_Mid-Atlantic_District_Championship_2024_raw_export.csv,1,0,3,3,0,5,1,2720,6,7,13,6
0,1,Speaker Left,0,1,1,"Didn't shoot second note in auto
While filling in data I may have missed two notes in speaker and one in amp",2024mrcmp,Sb,SB,84,1,0,Crescendo_FIRST_Mid-Atlantic_District_Championship_2024_raw_export.csv,1,3,7,10,0,5,0,365,14,7,27,20
0,3,Speaker Center,0,0,0,,2024mrcmp,SJ,SJ,84,0,0,Crescendo_FIRST_Mid-Atlantic_District_Championship_2024_raw_export.csv,1,0,8,8,0,15,0,5181,16,17,33,16
0,3,Speaker Right,0,0,0,,2024mrcmp,LB,LB,85,1,0,Crescendo_FIRST_Mid-Atlantic_District_Championship_2024_raw_export.csv,1,5,1,6,0,15,0,427,2,17,24,7
0,0,Speaker Left,0,0,0,,2024mrcmp,VC,VC,85,0,0,Crescendo_FIRST_Mid-Atlantic_District_Championship_2024_raw_export.csv,0,0,0,0,0,0,0,1168,0,0,0,0
0,3,Speaker Center,0,0,0,,2024mrcmp,TB,TB,85,0,0,Crescendo_FIRST_Mid-Atlantic_District_Championship_2024_raw_export.csv,1,0,5,5,0,15,0,4285,10,17,27,10
0,1,Speaker Right,0,0,0,,2024mrcmp,AV,AV,85,0,0,Crescendo_FIRST_Mid-Atlantic_District_Championship_2024_raw_export.csv,1,0,3,3,0,5,0,321,6,7,13,6
0,0,Speaker Right,0,0,0,"Missed auto shot, started playing defense in the middle of match",2024mrcmp,SM,SM,85,0,0,Crescendo_FIRST_Mid-Atlantic_District_Championship_2024_raw_export.csv,1,0,2,2,0,0,0,4573,4,2,6,4
0,2,Speaker Right,1,0,1,,2024mrcmp,Cc,CC,85,0,0,Crescendo_FIRST_Mid-Atlantic_District_Championship_2024_raw_export.csv,0,0,5,5,0,10,0,1811,10,10,23,13
5,6,Speaker Left,0,1,1,Failed 3 note far Auton,2024mrcmp,VC,VC,86,0,0,Crescendo_FIRST_Mid-Atlantic_District_Championship_2024_raw_export.csv,0,0,0,0,10,30,0,341,0,40,43,3
0,0,Speaker Left,1,0,1,These are real stats,2024mrcmp,Cc,CC,86,0,0,Crescendo_FIRST_Mid-Atlantic_District_Championship_2024_raw_export.csv,0,0,0,0,0,0,0,3637,0,0,3,3
0,4,Speaker Center,0,0,1,,2024mrcmp,AV,AV,86,0,1,Crescendo_FIRST_Mid-Atlantic_District_Championship_2024_raw_export.csv,1,4,6,10,0,20,0,1676,12,22,46,24
0,1,Speaker Right,0,0,1,,2024mrcmp,LB,LB,86,0,0,Crescendo_FIRST_Mid-Atlantic_District_Championship_2024_raw_export.csv,0,3,4,7,0,5,0,2722,8,5,19,14
0,2,Speaker Left,0,1,1,Shot several from source for them and their alliance to use during amplification,2024mrcmp,SM,SM,86,1,0,Crescendo_FIRST_Mid-Atlantic_District_Championship_2024_raw_export.csv,1,0,4,4,0,10,1,1807,8,12,23,11
0,3,Speaker Center,0,0,1,,2024mrcmp,TB,TB,86,0,0,Crescendo_FIRST_Mid-Atlantic_District_Championship_2024_raw_export.csv,1,4,4,8,0,15,0,4342,8,17,32,15
0,0,Speaker Left,0,0,1,Lobbied a lot of notes for their alliance but also got two stuck on the stage microphones,2024mrcmp,SM,SM,87,0,0,Crescendo_FIRST_Mid-Atlantic_District_Championship_2024_raw_export.csv,0,0,0,0,0,0,1,102,0,0,3,3
0,3,Speaker Left,0,0,1,,2024mrcmp,Cc,CC,87,0,1,Crescendo_FIRST_Mid-Atlantic_District_Championship_2024_raw_export.csv,1,6,5,11,0,15,0,3314,10,17,41,24
0,1,Speaker Right,0,0,1,,2024mrcmp,LB,LB,87,1,1,Crescendo_FIRST_Mid-Atlantic_District_Championship_2024_raw_export.csv,1,0,3,3,0,5,1,2539,6,7,21,14
0,1,Speaker Center,0,0,1,Auton messed up even though nobody touched them,2024mrcmp,VC,VC,87,0,0,Crescendo_FIRST_Mid-Atlantic_District_Championship_2024_raw_export.csv,1,2,4,6,0,5,1,5895,8,7,20,13
0,0,NA,0,0,1,,2024mrcmp,SF,SF,87,1,1,Crescendo_FIRST_Mid-Atlantic_District_Championship_2024_raw_export.csv,1,6,5,11,0,0,1,1923,10,2,26,24
0,0,Speaker Right,0,0,0,,2024mrcmp,TB,TB,87,0,0,Crescendo_FIRST_Mid-Atlantic_District_Championship_2024_raw_export.csv,1,0,1,1,0,0,0,5438,2,2,4,2
0,1,Speaker Right,0,0,0,,2024mrcmp,TB,TB,88,1,0,Crescendo_FIRST_Mid-Atlantic_District_Championship_2024_raw_export.csv,1,3,3,6,0,5,0,56,6,7,16,9
0,1,Speaker Right,0,0,0,,2024mrcmp,LB,LB,88,0,0,Crescendo_FIRST_Mid-Atlantic_District_Championship_2024_raw_export.csv,0,2,0,2,0,5,0,1257,0,5,7,2
0,2,Speaker Left,0,0,0,Failed climb and auto was good as they were hit multiple times but they readjusted,2024mrcmp,VC,VC,88,0,0,Crescendo_FIRST_Mid-Atlantic_District_Championship_2024_raw_export.csv,1,2,5,7,0,10,1,1089,10,12,24,12
0,3,Speaker Center,0,0,0,Missed picking up one of the notes in auto,2024mrcmp,SM,SM,88,0,0,Crescendo_FIRST_Mid-Atlantic_District_Championship_2024_raw_export.csv,1,0,5,5,0,15,0,293,10,17,27,10
0,0,Speaker Left,0,1,1,,2024mrcmp,SF,SF,88,0,0,Crescendo_FIRST_Mid-Atlantic_District_Championship_2024_raw_export.csv,0,5,0,5,0,0,0,6226,0,0,8,8
0,3,Speaker Center,0,0,0,,2024mrcmp,Cc,CC,88,1,0,Crescendo_FIRST_Mid-Atlantic_District_Championship_2024_raw_export.csv,1,0,8,8,0,15,0,219,16,17,33,16
0,4,Speaker Left,0,0,1,,2024mrcmp,Cc,CC,89,0,0,Crescendo_FIRST_Mid-Atlantic_District_Championship_2024_raw_export.csv,0,5,3,8,0,20,0,2607,6,20,34,14
0,2,Speaker Center,0,0,1,,2024mrcmp,MI,MI,89,0,0,Crescendo_FIRST_Mid-Atlantic_District_Championship_2024_raw_export.csv,1,2,3,5,0,10,0,1218,6,12,23,11
0,2,Speaker Right,1,0,1,"Were constant stopping
Shot a note out in auto
May have scored one more note in tele",2024mrcmp,Sb,SB,89,1,0,Crescendo_FIRST_Mid-Atlantic_District_Championship_2024_raw_export.csv,1,2,2,4,0,10,0,9094,4,12,21,9
0,2,Speaker Left,0,1,1,,2024mrcmp,ME,ME,89,1,0,Crescendo_FIRST_Mid-Atlantic_District_Championship_2024_raw_export.csv,1,0,3,3,0,10,0,316,6,12,21,9
0,0,Speaker Left,0,1,1,"No auto, played defense",2024mrcmp,SG,SG,89,0,0,Crescendo_FIRST_Mid-Atlantic_District_Championship_2024_raw_export.csv,0,1,0,1,0,0,0,484,0,0,4,4
0,1,Speaker Left,0,0,0,"Really good lobbing bot, tipped upside down while climbing",2024mrcmp,SG,SG,90,1,0,Crescendo_FIRST_Mid-Atlantic_District_Championship_2024_raw_export.csv,1,0,2,2,0,5,1,2590,4,7,11,4
2,0,Speaker Left,0,0,1,,2024mrcmp,Cc,CC,90,0,0,Crescendo_FIRST_Mid-Atlantic_District_Championship_2024_raw_export.csv,0,6,0,6,4,0,0,11,0,4,13,9
0,5,Speaker Left,0,0,1,,2024mrcmp,TB,TB,90,0,1,Crescendo_FIRST_Mid-Atlantic_District_Championship_2024_raw_export.csv,1,0,4,4,0,25,0,8513,8,27,43,16
0,1,Speaker Center,0,0,0,,2024mrcmp,MI,MI,90,0,0,Crescendo_FIRST_Mid-Atlantic_District_Championship_2024_raw_export.csv,1,4,6,10,0,5,0,3142,12,7,23,16
0,1,Speaker Left,0,0,1,,2024mrcmp,ME,ME,90,1,0,Crescendo_FIRST_Mid-Atlantic_District_Championship_2024_raw_export.csv,1,2,4,6,0,5,1,103,8,7,20,13
0,4,Speaker Center,0,0,1,,2024mrcmp,TB,TB,91,0,0,Crescendo_FIRST_Mid-Atlantic_District_Championship_2024_raw_export.csv,1,0,3,3,0,20,0,223,6,22,31,9
0,1,Speaker Left,0,0,1,,2024mrcmp,ME,ME,91,1,0,Crescendo_FIRST_Mid-Atlantic_District_Championship_2024_raw_export.csv,1,0,4,4,0,5,1,7045,8,7,18,11
0,1,Speaker Center,0,0,1,"Struggled to pick up notes, played defense",2024mrcmp,SG,SG,91,0,0,Crescendo_FIRST_Mid-Atlantic_District_Championship_2024_raw_export.csv,1,0,3,3,0,5,0,7110,6,7,16,9
0,2,Speaker Right,0,0,1,,2024mrcmp,Cc,CC,91,1,0,Crescendo_FIRST_Mid-Atlantic_District_Championship_2024_raw_export.csv,1,5,2,7,0,10,0,1403,4,12,24,12
0,1,Speaker Left,0,0,0,Attempted to climb but failed to do so,2024mrcmp,MI,MI,91,0,0,Crescendo_FIRST_Mid-Atlantic_District_Championship_2024_raw_export.csv,1,0,8,8,0,5,0,5181,16,7,23,16
0,2,Speaker Left,0,0,1,,2024mrcmp,CH,CH,91,0,0,Crescendo_FIRST_Mid-Atlantic_District_Championship_2024_raw_export.csv,0,0,0,0,0,10,0,9015,0,10,13,3
1,1,Speaker Right,0,0,0,Attempted to harmony but time ran out,2024mrcmp,MI,MI,92,1,0,Crescendo_FIRST_Mid-Atlantic_District_Championship_2024_raw_export.csv,1,1,6,7,2,5,0,222,12,9,22,13
0,2,Speaker Right,0,1,1,,2024mrcmp,TB,TB,92,0,0,Crescendo_FIRST_Mid-Atlantic_District_Championship_2024_raw_export.csv,1,3,1,4,0,10,0,75,2,12,20,8
0,1,Speaker Left,0,0,0,,2024mrcmp,ME,ME,92,1,0,Crescendo_FIRST_Mid-Atlantic_District_Championship_2024_raw_export.csv,1,2,2,4,0,5,0,365,4,7,13,6
0,3,Speaker Center,1,0,1,Intake broke,2024mrcmp,Cc,CC,92,0,0,Crescendo_FIRST_Mid-Atlantic_District_Championship_2024_raw_export.csv,0,0,3,3,0,15,0,4573,6,15,24,9
0,1,Speaker Left,0,0,0,Missed climb,2024mrcmp,SG,SG,92,0,0,Crescendo_FIRST_Mid-Atlantic_District_Championship_2024_raw_export.csv,0,0,2,2,0,5,0,9027,4,5,9,4
0,2,Speaker Left,0,0,0,,2024mrcmp,CJ,CJ,93,1,0,Crescendo_FIRST_Mid-Atlantic_District_Championship_2024_raw_export.csv,1,1,2,3,0,10,0,427,4,12,17,5
0,2,Speaker Right,1,0,0,Discon,2024mrcmp,Cc,CC,93,0,0,Crescendo_FIRST_Mid-Atlantic_District_Championship_2024_raw_export.csv,0,2,4,6,0,10,0,1640,8,10,20,10
0,1,Speaker Right,0,0,0,,2024mrcmp,SJ,SJ,93,1,0,Crescendo_FIRST_Mid-Atlantic_District_Championship_2024_raw_export.csv,1,2,4,6,0,5,0,1168,8,7,17,10
0,3,Speaker Center,0,0,0,,2024mrcmp,AV,AV,93,0,0,Crescendo_FIRST_Mid-Atlantic_District_Championship_2024_raw_export.csv,1,0,3,3,0,15,0,834,6,17,23,6
0,1,Speaker Left,0,0,1,,2024mrcmp,TB,TB,93,0,0,Crescendo_FIRST_Mid-Atlantic_District_Championship_2024_raw_export.csv,0,5,3,8,0,5,0,2722,6,5,19,14
0,0,Speaker Right,0,0,1,,2024mrcmp,CJ,CJ,94,0,0,Crescendo_FIRST_Mid-Atlantic_District_Championship_2024_raw_export.csv,1,2,5,7,0,0,0,5684,10,2,17,15
0,0,Speaker Right,0,0,1,Insufficient force delivered when going for speaker,2024mrcmp,SJ,SJ,94,1,0,Crescendo_FIRST_Mid-Atlantic_District_Championship_2024_raw_export.csv,1,6,0,6,0,0,0,6921,0,2,11,9
0,1,Speaker Left,0,1,1,,2024mrcmp,Cc,CC,94,0,0,Crescendo_FIRST_Mid-Atlantic_District_Championship_2024_raw_export.csv,0,0,5,5,0,5,0,1279,10,5,18,13
0,1,Speaker Center,0,1,0,They shot notes into on to their side to feed the other bots,2024mrcmp,HHH,HHH,94,0,0,Crescendo_FIRST_Mid-Atlantic_District_Championship_2024_raw_export.csv,0,0,2,2,0,5,0,341,4,5,9,4
0,4,Speaker Center,0,0,0,,2024mrcmp,AV,AV,94,0,0,Crescendo_FIRST_Mid-Atlantic_District_Championship_2024_raw_export.csv,1,0,7,7,0,20,0,4285,14,22,36,14
0,2,Speaker Right,0,0,0,,2024mrcmp,TB,TB,94,1,0,Crescendo_FIRST_Mid-Atlantic_District_Championship_2024_raw_export.csv,1,7,7,14,0,10,0,1923,14,12,33,21
0,1,Speaker Right,0,0,1,Ambiguous climbing and also buddy climbimg,2024mrcmp,SJ,SJ,95,1,0,Crescendo_FIRST_Mid-Atlantic_District_Championship_2024_raw_export.csv,1,0,4,4,0,5,0,56,8,7,18,11
0,1,Speaker Right,0,0,1,,2024mrcmp,TB,TB,95,0,0,Crescendo_FIRST_Mid-Atlantic_District_Championship_2024_raw_export.csv,1,5,5,10,0,5,0,2495,10,7,25,18
0,2,Speaker Center,0,0,1,Failed trap,2024mrcmp,Cc,CC,95,0,0,Crescendo_FIRST_Mid-Atlantic_District_Championship_2024_raw_export.csv,0,3,0,3,0,10,1,2539,0,10,16,6
0,1,Speaker Left,0,0,0,Note got stuck in their intake and couldn't shoot,2024mrcmp,HHH,HHH,95,0,0,Crescendo_FIRST_Mid-Atlantic_District_Championship_2024_raw_export.csv,0,1,0,1,0,5,0,272,0,5,6,1
0,0,Speaker Left,0,0,0,,2024mrcmp,CJ,CJ,95,0,0,Crescendo_FIRST_Mid-Atlantic_District_Championship_2024_raw_export.csv,0,2,2,4,0,0,0,4361,4,0,6,6
0,4,Speaker Center,0,0,1,,2024mrcmp,AV,AV,95,0,0,Crescendo_FIRST_Mid-Atlantic_District_Championship_2024_raw_export.csv,1,3,1,4,0,20,0,4342,2,22,30,8
0,0,Speaker Center,1,0,0,,2024mrcmp,TB,TB,96,0,0,Crescendo_FIRST_Mid-Atlantic_District_Championship_2024_raw_export.csv,0,0,0,0,0,0,0,102,0,0,0,0
0,1,Speaker Right,0,0,0,Disabled a couple times for a few seconds,2024mrcmp,CJ,CJ,96,0,0,Crescendo_FIRST_Mid-Atlantic_District_Championship_2024_raw_export.csv,0,2,1,3,0,5,0,1257,2,5,9,4
0,3,Speaker Center,1,0,0,Disabled during the match,2024mrcmp,SJ,SJ,96,0,0,Crescendo_FIRST_Mid-Atlantic_District_Championship_2024_raw_export.csv,1,0,1,1,0,15,0,293,2,17,19,2
0,3,Speaker Left,0,0,0,auto on amp side,2024mrcmp,Cc,CC,96,1,0,Crescendo_FIRST_Mid-Atlantic_District_Championship_2024_raw_export.csv,1,5,3,8,0,15,0,1807,6,17,28,11
0,0,Speaker Right,0,0,1,,2024mrcmp,AV,AV,96,0,0,Crescendo_FIRST_Mid-Atlantic_District_Championship_2024_raw_export.csv,1,2,0,2,0,0,0,2191,0,2,7,5
0,0,Speaker Right,0,0,0,Played pretty good defense,2024mrcmp,HHH,HHH,96,0,0,Crescendo_FIRST_Mid-Atlantic_District_Championship_2024_raw_export.csv,0,0,0,0,0,0,0,484,0,0,0,0